transcript_id,relative_path,transcript_path,company_slug,company_name,ticker,company_key,call_date,fiscal_year,fiscal_period,file_name,qa_detected,sentence_count,token_count,avg_sentence_length,long_word_share,complexity_score,numeric_token_share,overall_positive_density,overall_negative_density,overall_net_tone,overall_token_count,prepared_positive_density,prepared_negative_density,prepared_net_tone,prepared_token_count,qa_positive_density,qa_negative_density,qa_net_tone,qa_token_count,management_qa_positive_density,management_qa_negative_density,management_qa_net_tone,management_qa_token_count,analyst_question_positive_density,analyst_question_negative_density,analyst_question_net_tone,analyst_question_token_count,demand_positive_density,demand_negative_density,demand_net,pricing_positive_density,pricing_negative_density,pricing_power_net,capex_positive_density,capex_negative_density,capex_net,supply_chain_pressure_density,labor_pressure_density,automation_density,uncertainty_density,risk_density,macro_risk_density,guidance_raised,guidance_lowered,guidance_net,qna_reality_gap,analyst_management_gap,growth_signal,margin_signal,credibility_signal,composite_signal,call_date_dt,overall_net_tone_qoq_change,overall_net_tone_yoy_change,overall_net_tone_rolling_z8,overall_net_tone_rolling_mean4,prepared_net_tone_qoq_change,prepared_net_tone_yoy_change,prepared_net_tone_rolling_z8,prepared_net_tone_rolling_mean4,management_qa_net_tone_qoq_change,management_qa_net_tone_yoy_change,management_qa_net_tone_rolling_z8,management_qa_net_tone_rolling_mean4,analyst_question_net_tone_qoq_change,analyst_question_net_tone_yoy_change,analyst_question_net_tone_rolling_z8,analyst_question_net_tone_rolling_mean4,demand_net_qoq_change,demand_net_yoy_change,demand_net_rolling_z8,demand_net_rolling_mean4,pricing_power_net_qoq_change,pricing_power_net_yoy_change,pricing_power_net_rolling_z8,pricing_power_net_rolling_mean4,capex_net_qoq_change,capex_net_yoy_change,capex_net_rolling_z8,capex_net_rolling_mean4,supply_chain_pressure_density_qoq_change,supply_chain_pressure_density_yoy_change,supply_chain_pressure_density_rolling_z8,supply_chain_pressure_density_rolling_mean4,labor_pressure_density_qoq_change,labor_pressure_density_yoy_change,labor_pressure_density_rolling_z8,labor_pressure_density_rolling_mean4,automation_density_qoq_change,automation_density_yoy_change,automation_density_rolling_z8,automation_density_rolling_mean4,uncertainty_density_qoq_change,uncertainty_density_yoy_change,uncertainty_density_rolling_z8,uncertainty_density_rolling_mean4,macro_risk_density_qoq_change,macro_risk_density_yoy_change,macro_risk_density_rolling_z8,macro_risk_density_rolling_mean4,growth_signal_qoq_change,growth_signal_yoy_change,growth_signal_rolling_z8,growth_signal_rolling_mean4,margin_signal_qoq_change,margin_signal_yoy_change,margin_signal_rolling_z8,margin_signal_rolling_mean4,credibility_signal_qoq_change,credibility_signal_yoy_change,credibility_signal_rolling_z8,credibility_signal_rolling_mean4,composite_signal_qoq_change,composite_signal_yoy_change,composite_signal_rolling_z8,composite_signal_rolling_mean4
3d-systems\2022\Q2\DDD_2022-08-09_Q2,3d-systems\2022\Q2\DDD_2022-08-09_Q2.txt,C:\Users\rajaa\OneDrive\Desktop\GardDat\3d-systems\2022\Q2\DDD_2022-08-09_Q2.txt,3d-systems,3D Systems,DDD,DDD,2022-08-09,2022,Q2,DDD_2022-08-09_Q2.txt,1,591,10178,17.22165820642978,0.1566446181599519,2.697680073827395,0.010414619768127334,0.009628610729023384,0.004421300844959717,0.005207309884063667,10178,0.012952101661779082,0.005620723362658847,0.007331378299120235,4092,0.007394019060138022,0.003614853762734144,0.0037791652974038777,6086,0.007852375343541421,0.0035335689045936395,0.0043188064389477815,5094,0.0051440329218107,0.00411522633744856,0.00102880658436214,972,9.825112988799372e-05,0.0,9.825112988799372e-05,0.0002947533896639811,0.00019650225977598743,9.825112988799372e-05,0.0005895067793279622,0.0,0.0005895067793279622,0.0026527805069758302,0.0,0.00019650225977598743,0.0017685203379838867,0.004028296325407742,0.0014737669483199057,0,0,0,-0.0030125718601724536,0.0032899998545856414,0.004421300844959717,-0.002358027117311849,-0.0014910923435706989,0.0005721813840771693,2022-08-09,,,0.0,,,,0.0,,,,0.0,,,,0.0,,,,0.0,,,,0.0,,,,0.0,,,,0.0,,,,0.0,,,,0.0,,,,0.0,,,,0.0,,,,0.0,,,,0.0,,,,0.0,,,,0.0,
3d-systems\2022\Q3\DDD_2022-11-09_Q3,3d-systems\2022\Q3\DDD_2022-11-09_Q3.txt,C:\Users\rajaa\OneDrive\Desktop\GardDat\3d-systems\2022\Q3\DDD_2022-11-09_Q3.txt,3d-systems,3D Systems,DDD,DDD,2022-11-09,2022,Q3,DDD_2022-11-09_Q3.txt,0,47,904,19.23404255319149,0.20090293453724606,3.864175591950435,0.015486725663716814,0.014380530973451327,0.0022123893805309734,0.012168141592920354,904,0.014380530973451327,0.0022123893805309734,0.012168141592920354,904,0.0,0.0,0.0,0,0.0,0.0,0.0,0,0.0,0.0,0.0,0,0.0,0.0,0.0,0.0011061946902654867,0.0,0.0011061946902654867,0.0011061946902654867,0.0,0.0011061946902654867,0.0022123893805309734,0.0,0.0,0.0011061946902654867,0.004424778761061947,0.004424778761061947,0,0,0,-0.012168141592920354,0.0,0.008849557522123894,-0.0011061946902654867,-0.01327433628318584,-0.0055309734513274336,2022-11-09,0.006960831708856687,,0.0,0.008687725738492011,0.004836763293800119,,0.0,0.009749759946020294,-0.0043188064389477815,,0.0,0.0021594032194738907,-0.00102880658436214,,0.0,0.00051440329218107,-9.825112988799372e-05,,0.0,4.912556494399686e-05,0.001007943560377493,,0.0,0.0006022229100767402,0.0005166879109375245,,0.0,0.0008478507347967245,-0.0004403911264448568,,0.0,0.0024325849437534016,0.0,,0.0,0.0,-0.00019650225977598743,,0.0,9.825112988799372e-05,-0.0006623256477184,,0.0,0.0014373575141246866,0.002951011812742041,,0.0,0.0029492728546909263,0.0044282566771641765,,0.0,0.006635429183541805,0.0012518324270463623,,0.0,-0.0017321109037886679,-0.011783243939615141,,0.0,-0.00738271431337827,-0.006103154835404603,,0.0,-0.0024793960336251322
3d-systems\2022\Q4\DDD_2023-03-01_Q4,3d-systems\2022\Q4\DDD_2023-03-01_Q4.txt,C:\Users\rajaa\OneDrive\Desktop\GardDat\3d-systems\2022\Q4\DDD_2023-03-01_Q4.txt,3d-systems,3D Systems,DDD,DDD,2023-03-01,2022,Q4,DDD_2023-03-01_Q4.txt,1,579,10701,18.481865284974095,0.1735433375205334,3.2074045851592885,0.021493318381459677,0.009812167087188113,0.004205214465937763,0.005606952621250351,10701,0.0124712202609363,0.0061396776669224865,0.006331542594013815,5212,0.007287301876480233,0.0023683731098560756,0.004918928766624158,5489,0.008040431886055594,0.002526992878474615,0.005513439007580979,4353,0.004432624113475178,0.0017730496453900709,0.0026595744680851063,1128,9.344921035417251e-05,0.0,9.344921035417251e-05,0.0,0.0,0.0,0.001308288944958415,0.0,0.001308288944958415,0.0008410428931875525,0.0,9.344921035417251e-05,0.000560695262125035,0.00261657788991683,0.0007475936828333801,0,0,0,-0.000818103586432836,0.0028538645394958722,0.006261097093729557,-0.0007475936828333801,0.001475065690938001,0.006988569101834178,2023-03-01,-0.006561188971670003,,0.0,0.007660801366078124,-0.005836598998906539,,0.0,0.008610354162018134,0.005513439007580979,,0.0,0.00327741514884292,0.0026595744680851063,,0.0,0.0012294603508157488,9.344921035417251e-05,,0.0,6.39001134140554e-05,-0.0011061946902654867,,0.0,0.00040148194005116015,0.0002020942546929283,,0.0,0.0010013301381839547,-0.001371346487343421,,0.0,0.0019020709268981187,0.0,,0.0,0.0,9.344921035417251e-05,,0.0,9.665049004338665e-05,-0.0005454994281404517,,0.0,0.001145136763458136,-0.0036771850782285668,,0.0,0.0022153797974050777,-0.0025884604283943364,,0.0,0.006510651820271056,0.00035860100743210664,,0.0,-0.001403938496803572,0.014749401974123841,,0.0,-0.00443012097860618,0.012519542553161612,,0.0,0.0006765923448613046
3d-systems\2023\Q1\DDD_2023-05-09_Q1,3d-systems\2023\Q1\DDD_2023-05-09_Q1.txt,C:\Users\rajaa\OneDrive\Desktop\GardDat\3d-systems\2023\Q1\DDD_2023-05-09_Q1.txt,3d-systems,3D Systems,DDD,DDD,2023-05-09,2023,Q1,DDD_2023-05-09_Q1.txt,1,600,10194,16.99,0.16552557390253725,2.8122795006041077,0.01638218559937218,0.007847753580537572,0.003923876790268786,0.003923876790268786,10194,0.010179640718562874,0.005389221556886228,0.004790419161676647,5010,0.0055941358024691355,0.002507716049382716,0.0030864197530864196,5184,0.004442250740375123,0.0019743336623889436,0.0024679170779861796,4052,0.009760425909494233,0.0044365572315882874,0.005323868677905945,1127,9.809691975671964e-05,0.0,9.809691975671964e-05,0.0,9.809691975671964e-05,-9.809691975671964e-05,0.0015695507161075143,0.0,0.0015695507161075143,0.00019619383951343929,0.0,0.0006866784382970375,0.00039238767902687857,0.001079066117323916,0.0007847753580537571,1,0,1,-0.002322502083690467,-0.002855951599919765,0.004806749068079263,0.0003923876790268785,-0.00557084136263711,-0.00037170461553096956,2023-05-09,-0.0016830758309815648,,-0.8751210768092096,0.006726570222125789,-0.001541123432337168,,-1.038705424923714,0.007655370411932762,-0.003045521929594799,,-0.29178842933856575,0.003075040631128735,0.0026642942098208384,,1.5273014790954202,0.0022530624325882978,4.647709402547134e-06,,0.6125076379510463,7.244931499972147e-05,-9.809691975671964e-05,,-0.7741750790923313,0.0002765872250991902,0.00026126177114909927,,1.1854235711154166,0.0011433852826648445,-0.0006448490536741132,,-1.2845312085622933,0.0014756016550519489,0.0,,0.0,0.0,0.0005932292279428649,,1.6713140044935222,0.0002441574771067993,-0.00016830758309815648,,-1.0498735155966348,0.0009569494923503218,3.718167522037707e-05,,-0.7105494879212719,0.0018577286875672474,-0.0014543480256502947,,-0.7354980969125989,0.006084676132223107,0.0011399813618602585,,1.3732717406685955,-0.0009548569528459593,-0.007045907053575112,,-0.15446816428426274,-0.004715301074613912,-0.007360273717365148,,-0.17667924042446292,0.00041451810476323607
3d-systems\2023\Q2\DDD_2023-08-09_Q2,3d-systems\2023\Q2\DDD_2023-08-09_Q2.txt,C:\Users\rajaa\OneDrive\Desktop\GardDat\3d-systems\2023\Q2\DDD_2023-08-09_Q2.txt,3d-systems,3D Systems,DDD,DDD,2023-08-09,2023,Q2,DDD_2023-08-09_Q2.txt,1,480,8534,17.779166666666665,0.16744408563568952,2.9770163058645296,0.014295758143895007,0.00796812749003984,0.004101242090461683,0.003866885399578158,8534,0.00914694770332074,0.005170013919268244,0.003976933784052496,5029,0.006276747503566334,0.0025677603423680455,0.003708987161198288,3505,0.005943536404160475,0.002228826151560178,0.003714710252600297,2692,0.007425742574257425,0.0037128712871287127,0.0037128712871287127,808,0.00011717834544176236,0.00011717834544176236,0.0,0.00023435669088352472,0.0,0.00023435669088352472,0.0009374267635340989,0.0,0.0009374267635340989,0.0005858917272088118,0.0,0.0,0.0005858917272088118,0.0009374267635340989,0.0008202484180923366,0,0,0,-0.0002622235314521989,1.8389654715842904e-06,0.00398406374501992,-0.00035153503632528706,-0.0008462762931894264,0.002786252415505207,2023-08-09,-5.699139069062801e-05,-0.0013404244844855092,-0.7416992657604139,0.006391464101004412,-0.0008134853776241508,-0.003354444515067739,-1.0244685204508621,0.006816759283165828,0.0012467931746141174,-0.0006040961863474845,0.27241144617503366,0.002924016584541864,-0.001610997390777232,0.0026840647027665727,0.6176573333913904,0.002924078608279941,-9.809691975671964e-05,-9.825112988799372e-05,-1.2239311411512137,4.788653252772304e-05,0.00033245361064024434,0.000136105560995531,-0.07798570971992315,0.00031061361534807295,-0.0006321239525734154,0.00034791998420613665,-0.49638023107313173,0.0012303652787163787,0.0003896978876953725,-0.0020668887797670185,-0.741954674400817,0.0009588794601101942,0.0,0.0,0.0,0.0,-0.0006866784382970375,-0.00019650225977598743,-0.7624896928248102,0.00019503191216280248,0.0001935040481819332,-0.0011826286107750749,-0.5897388768556748,0.000661292339656553,3.547306003857942e-05,-0.0006535185302275692,-0.5874195130223703,0.0016943490550103552,-0.0008226853230593424,-0.00043723709993979693,-0.9512173283643915,0.005975366857238158,-0.0007439227153521656,0.002006492080986562,0.5303599977179181,-0.00045323393259931883,0.004724565069447684,0.0006448160503812725,0.5963810757009101,-0.004554097062018594,0.0031579570310361765,0.002214071031428038,0.463715962089721,0.0009680358626202455
3d-systems\2023\Q3\DDD_2023-11-08_Q3,3d-systems\2023\Q3\DDD_2023-11-08_Q3.txt,C:\Users\rajaa\OneDrive\Desktop\GardDat\3d-systems\2023\Q3\DDD_2023-11-08_Q3.txt,3d-systems,3D Systems,DDD,DDD,2023-11-08,2023,Q3,DDD_2023-11-08_Q3.txt,1,490,8746,17.848979591836734,0.1936054742803209,3.4556601592973197,0.01920878115710039,0.00914703864623828,0.004802195289275097,0.004344843356963183,8746,0.011879507848960543,0.007000424268137463,0.00487908358082308,4714,0.005952380952380952,0.002232142857142857,0.003720238095238095,4032,0.006099331977926227,0.0014522218995062445,0.004647110078419983,3443,0.005136986301369863,0.00684931506849315,-0.0017123287671232876,584,0.0,0.0,0.0,0.0,0.0,0.0,0.0012577178138577635,0.0,0.0012577178138577635,0.001143379830779785,0.0,0.0,0.000228675966155957,0.001829407729247656,0.0005716899153898925,0,0,0,-0.00023197350240309732,0.00635943884554327,0.005030871255431054,-0.001143379830779785,0.005898789376984216,0.009786280801635485,2023-11-08,0.0004779579573850252,-0.00782329823595717,-0.5208853221544106,0.0044356395420151185,0.0009021497967705841,-0.007289058012097274,-0.6228386366146378,0.004994494780141509,0.0009323998258196856,0.004647110078419983,0.6695723134832016,0.00408579410414686,-0.005425200054252,-0.0017123287671232876,-1.5132605421870555,0.002495996416499119,0.0,0.0,-0.9994683676876505,4.788653252772304e-05,-0.00023435669088352472,-0.0011061946902654867,-0.5478109542384378,3.406494278170127e-05,0.0003202910503236646,0.0001515231235922768,0.4200966011646404,0.001268246059614448,0.0005574881035709732,-0.0010690095497511885,-0.14649522390160125,0.0006916270726723972,0.0,0.0,0.0,0.0,0.0,0.0,-0.6645997116129979,0.0001950319121628025,-0.00035721576105285477,-0.0008775187241095297,-1.0478812834332092,0.0004419126586291706,-0.0002485585027024441,-0.0038530888456720543,-0.665272303986729,0.0007310768435923416,0.0010468075104111338,-0.0038186862666928396,-0.3239797444742791,0.005020695290564948,-0.0007918447944544979,-3.718514051429824e-05,-0.30720259557538127,-0.0004625302177278934,0.006745065670173643,0.019173125660170057,1.368693126506523,0.00023918435302392013,0.007000028386130278,0.015317254252962919,1.4844863111717974,0.004797349425860975
3d-systems\2023\Q4\DDD_2024-02-28_Q4,3d-systems\2023\Q4\DDD_2024-02-28_Q4.txt,C:\Users\rajaa\OneDrive\Desktop\GardDat\3d-systems\2023\Q4\DDD_2024-02-28_Q4.txt,3d-systems,3D Systems,DDD,DDD,2024-02-28,2023,Q4,DDD_2024-02-28_Q4.txt,0,139,3203,23.0431654676259,0.221224751522924,5.097718554877163,0.017795816422104278,0.013112706837339994,0.004995316890415236,0.008117389946924758,3203,0.013112706837339994,0.004995316890415236,0.008117389946924758,3203,0.0,0.0,0.0,0,0.0,0.0,0.0,0,0.0,0.0,0.0,0,0.0,0.0,0.0,0.0,0.0,0.0,0.001248829222603809,0.0,0.001248829222603809,0.001248829222603809,0.0,0.0,0.00031220730565095225,0.0034342803621604744,0.0015610365282547611,0,0,0,-0.008117389946924758,0.0,0.007805182641273806,-0.001248829222603809,-0.00842959725257571,-0.0018732438339057137,2024-02-28,0.003772546589961575,0.0025104373256744075,0.6943569186445239,0.0050632488734337205,0.0032383063661016783,0.0017858473529109437,0.5100379188354323,0.005440956618369245,-0.004647110078419983,-0.005513439007580979,-1.4366958009275348,0.002707434352251615,0.0017123287671232876,-0.0026595744680851063,-0.6950267449305119,0.0018311027994778425,0.0,-9.344921035417251e-05,-0.8656225074280043,2.452422993917991e-05,0.0,0.0,-0.49664037916204523,3.406494278170127e-05,-8.888591253954515e-06,-5.945972235460602e-05,0.3583617998222103,0.0012533811290257964,0.00010544939182402405,0.00040778632941625647,-0.024385672088493186,0.0007935736550264612,0.0,0.0,0.0,0.0,0.0,-9.344921035417251e-05,-0.5967602749500814,0.00017166960957425937,8.353133949499524e-05,-0.0002484879564740828,-0.7788393900001426,0.0003797906695106499,0.0009893466128648686,0.0008134428454213811,0.062040012772532814,0.0009344375549476869,0.0027743113858427516,0.0015440855475442484,1.1315781212992297,0.005406716677451011,-0.00010544939182402405,-0.0005012355397704289,-0.3955543487030393,-0.0005878391026705006,-0.014328386629559927,-0.009904662943513711,-0.8832607641231165,-0.002236981382854508,-0.011659524635541199,-0.008861812935739892,-0.7491580266766512,0.002581896191926002
3d-systems\2024\Q2\DDD_2024-08-30_Q2,3d-systems\2024\Q2\DDD_2024-08-30_Q2.txt,C:\Users\rajaa\OneDrive\Desktop\GardDat\3d-systems\2024\Q2\DDD_2024-08-30_Q2.txt,3d-systems,3D Systems,DDD,DDD,2024-08-30,2024,Q2,DDD_2024-08-30_Q2.txt,1,490,8398,17.13877551020408,0.17036129822412738,2.9197840458902484,0.020600142891164564,0.00714455822814956,0.0042867349368897354,0.0028578232912598238,8398,0.009682885499878963,0.006535947712418301,0.0031469377874606633,4131,0.004687133817670494,0.0021092102179517225,0.002577923599718772,4267,0.004116436342252279,0.0023522493384298734,0.0017641870038224052,3401,0.006984866123399301,0.0011641443538998836,0.005820721769499418,859,0.0,0.0,0.0,0.00011907597046915932,0.0,0.00011907597046915932,0.0010716837342224339,0.0,0.0010716837342224339,0.0004763038818766373,0.00011907597046915932,0.00011907597046915932,0.0005953798523457966,0.0010716837342224339,0.0011907597046915933,0,0,0,-0.001382750783638258,-0.004056534765677013,0.002738747320790664,-0.00035722791140747797,-0.006034665401661067,-0.003653145992277881,2024-08-30,-0.005259566655664934,-0.0010660534990089622,-1.0240144599339462,0.0047967354986814805,-0.004970452159464095,-0.0016434813742159833,-1.182568152322001,0.005030086274815249,0.0017641870038224052,-0.0007037300741637744,-0.5297285978871863,0.002531501833710671,0.005820721769499418,0.0004968530915934735,1.4626359274916834,0.001955316072376211,0.0,-9.809691975671964e-05,-0.774267176204396,0.0,0.00011907597046915932,0.00021717289022587898,-0.17535311423467856,8.835816533817101e-05,-0.00017714548838137513,-0.0004978669818850804,-0.23772487981589027,0.0011289143835545262,-0.0007725253407271718,0.000280110042363198,-0.8623341167103754,0.0008636011656172608,0.00011907597046915932,0.00011907597046915932,2.6457513110645907,2.976899261728983e-05,0.00011907597046915932,-0.0005676024678278782,-0.08175237882760672,2.976899261728983e-05,0.0002831725466948444,0.00020299217331891807,-0.20640089173950396,0.00043053871284037945,-0.00037027682356316786,0.00040598434663783613,-0.21804925114592003,0.001035933641607146,-0.005066435320483141,-0.0020680017472885985,-1.4460962086109734,0.004889716240628861,0.000891601311196331,-0.0007496155904343565,0.6676372567290564,-0.0007752430002790898,0.0023949318509146438,-0.00046382403902395664,-0.4431574112769227,-0.0023529373926104973,-0.0017799021583721673,-0.0032814413767469114,-0.9707859879022098,0.0017615358477392744
3d-systems\2024\Q3\DDD_2024-11-27_Q3,3d-systems\2024\Q3\DDD_2024-11-27_Q3.txt,C:\Users\rajaa\OneDrive\Desktop\GardDat\3d-systems\2024\Q3\DDD_2024-11-27_Q3.txt,3d-systems,3D Systems,DDD,DDD,2024-11-27,2024,Q3,DDD_2024-11-27_Q3.txt,0,63,1436,22.793650793650794,0.22494592645998557,5.127338895183163,0.0201949860724234,0.010445682451253482,0.004874651810584958,0.005571030640668524,1436,0.010445682451253482,0.004874651810584958,0.005571030640668524,1436,0.0,0.0,0.0,0,0.0,0.0,0.0,0,0.0,0.0,0.0,0,0.0,0.0,0.0,0.0,0.0,0.0,0.002785515320334262,0.0006963788300835655,0.0020891364902506965,0.0,0.0,0.0006963788300835655,0.0006963788300835655,0.002785515320334262,0.0006963788300835655,0,0,0,-0.005571030640668524,0.0,0.006963788300835655,0.0006963788300835655,-0.006267409470752089,0.0013927576601671316,2024-11-27,0.0027132073494087,0.0017041452410903658,-0.08344113953127595,0.0052227718089540714,0.0024240928532078604,0.0015940968566160278,-0.20549107597504004,0.005428610488969256,-0.0017641870038224052,-0.003714710252600297,-1.0977408673919606,0.0016028242705605972,-0.005820721769499418,-0.0037128712871287127,-0.7548913844833018,0.0010270982505940327,0.0,0.0,-0.5771237924093506,0.0,-0.00011907597046915932,-0.00023435669088352472,-0.4652156307041293,2.976899261728983e-05,0.0010174527560282626,0.0011517097267165976,2.2616656925336547,0.0014168418152336758,-0.0004763038818766373,-0.0005858917272088118,-1.2743307367827175,0.0007171282338150578,-0.00011907597046915932,0.0,-0.37796447300922725,2.976899261728983e-05,0.0005773028596144062,0.0006963788300835655,1.7285901390263056,0.0002038637001381812,0.00010099897773776882,0.00011048710287475368,0.5369661375784528,0.00045816048855906787,-0.0004943808746080278,-0.0001238695880087711,-0.5443953869883269,0.0010049662446049532,0.004225040980044991,0.002979724555815735,0.607216560745329,0.0056346473795827945,0.0010536067414910434,0.0010479138664088526,1.7413223509568545,-0.0005132645336768766,-0.00023274406909102197,-0.005421133177562662,-0.3782649176007741,-0.003708220687001163,0.005045903652445012,-0.0013934947553380754,0.0414212450501818,0.0014131621589047556
3d-systems\2024\Q4\DDD_2025-03-27_Q4,3d-systems\2024\Q4\DDD_2025-03-27_Q4.txt,C:\Users\rajaa\OneDrive\Desktop\GardDat\3d-systems\2024\Q4\DDD_2025-03-27_Q4.txt,3d-systems,3D Systems,DDD,DDD,2025-03-27,2024,Q4,DDD_2025-03-27_Q4.txt,1,504,9162,18.178571428571427,0.16515202513182992,3.0022278854321938,0.020192097795241212,0.010805500982318271,0.0026195153896529143,0.008185985592665358,9162,0.010922871154703521,0.0035666518056174765,0.0073562193490860454,4486,0.0106928999144568,0.001710863986313088,0.008982035928143712,4676,0.011292016806722689,0.0015756302521008404,0.009716386554621849,3808,0.008215962441314555,0.002347417840375587,0.005868544600938967,852,0.0,0.0,0.0,0.0,0.0,0.0,0.0013097576948264572,0.0,0.0013097576948264572,0.0004365858982754857,0.0,0.0003274394237066143,0.0010914647456887142,0.0018554900676708143,0.0006548788474132286,0,0,0,0.0023601672055358035,0.003847841953682882,0.008840864440078585,-0.00010914647456887141,0.005116544413529971,0.013848262379039685,2025-03-27,0.002614954951996834,0.0038411422357021744,1.558424553975581,0.006183057367879615,0.0017851887084175217,0.0024771357682629655,1.1683414520677744,0.0060478944310349975,0.009716386554621849,0.005069276476201866,2.0703811703359674,0.0028701433896110634,0.005868544600938967,0.007580873368062254,1.1372840252684262,0.0029223165926095963,0.0,0.0,-0.5771237924093506,0.0,0.0,0.0,-0.3398124624776372,2.976899261728983e-05,-0.0007793787954242393,5.2039880968693646e-05,-0.11953827128243547,0.001429851785475849,0.0004365858982754857,-0.0007067939325042993,-0.4388490897658883,0.000540429750688983,0.0,0.0,-0.37796447300922725,2.976899261728983e-05,-0.00036893940637695117,0.0003274394237066143,0.31164408307261265,0.0002857235560648348,0.00039508591560514876,0.0008627887795327572,2.129613843196447,0.0006738576834422571,-4.1499982670336884e-05,8.31889320233361e-05,-0.7205467678660759,0.0010257634776107871,0.0018770761392429298,0.003809993184647531,1.5928443608662721,0.006587145675744677,-0.0008055253046524368,0.0010342333562109135,0.3884890508323585,-0.00025470619462414823,0.01138395388428206,-0.0007822449634542449,1.3410414485055593,-0.0039037819278647237,0.012455504718872554,0.0040619815774042,1.8000587893587965,0.0024286575532558056
1stdibs-com-inc\2022\Q2\DIBS_2022-08-10_Q2,1stdibs-com-inc\2022\Q2\DIBS_2022-08-10_Q2.txt,C:\Users\rajaa\OneDrive\Desktop\GardDat\1stdibs-com-inc\2022\Q2\DIBS_2022-08-10_Q2.txt,1stdibs-com-inc,1Stdibs Com Inc,DIBS,DIBS,2022-08-10,2022,Q2,DIBS_2022-08-10_Q2.txt,1,373,5734,15.372654155495978,0.17116630669546437,2.631280435902929,0.019532612486920127,0.016044645971398673,0.004011161492849668,0.012033484478549007,5734,0.021653543307086614,0.00557742782152231,0.016076115485564306,3048,0.00967982129560685,0.0022338049143708115,0.007446016381236039,2686,0.011207335710646969,0.0020376974019358125,0.009169638308711156,1963,0.005594405594405594,0.002797202797202797,0.002797202797202797,715,0.0,0.0,0.0,0.00017439832577607255,0.0,0.00017439832577607255,0.0003487966515521451,0.0,0.0003487966515521451,0.0,0.0,0.0,0.0006975933031042902,0.0010463899546564353,0.0,0,1,-1,-0.00690647717685315,0.006372435511508359,0.012382281130101152,0.00017439832577607255,-0.0012316349684490806,0.011325044487428144,2022-08-10,,,0.0,,,,0.0,,,,0.0,,,,0.0,,,,0.0,,,,0.0,,,,0.0,,,,0.0,,,,0.0,,,,0.0,,,,0.0,,,,0.0,,,,0.0,,,,0.0,,,,0.0,,,,0.0,
1stdibs\2024\Q4\DIBS_2025-12-11_Q4,1stdibs\2024\Q4\DIBS_2025-12-11_Q4.txt,C:\Users\rajaa\OneDrive\Desktop\GardDat\1stdibs\2024\Q4\DIBS_2025-12-11_Q4.txt,1stdibs,1Stdibs,DIBS,DIBS,2025-12-11,2024,Q4,DIBS_2025-12-11_Q4.txt,0,221,3774,17.076923076923077,0.2066162040930754,3.528369023743288,0.041865394806571275,0.0196078431372549,0.003444621091679915,0.016163222045574986,3774,0.0196078431372549,0.003444621091679915,0.016163222045574986,3774,0.0,0.0,0.0,0,0.0,0.0,0.0,0,0.0,0.0,0.0,0,0.000794912559618442,0.00026497085320614734,0.0005299417064122947,0.0,0.0,0.0,0.00026497085320614734,0.0,0.00026497085320614734,0.0,0.0,0.0021197668256491787,0.0005299417064122947,0.0005299417064122947,0.0,0,0,0,-0.016163222045574986,0.0,0.01695813460519343,0.0021197668256491787,-0.016693163751987282,0.0023847376788553275,2025-12-11,0.00412973756702598,,0.0,0.014098353262061996,8.710656001068018e-05,,0.0,0.016119668765569646,-0.009169638308711156,,0.0,0.004584819154355578,-0.002797202797202797,,0.0,0.0013986013986013986,0.0005299417064122947,,0.0,0.00026497085320614734,-0.00017439832577607255,,0.0,8.719916288803627e-05,-8.382579834599775e-05,,0.0,0.0003068837523791462,0.0,,0.0,0.0,0.0,,0.0,0.0,0.0021197668256491787,,0.0,0.0010598834128245894,-0.0001676515966919955,,0.0,0.0006137675047582924,0.0,,0.0,0.0,0.0045758534750922775,,0.0,0.014670207867647292,0.0019453684998731063,,0.0,0.0011470825757126256,-0.015461528783538202,,0.0,-0.008962399360218181,-0.008940306808572817,,0.0,0.006854891083141736
1stdibs\2025\Q1\DIBS_2025-12-11_Q1,1stdibs\2025\Q1\DIBS_2025-12-11_Q1.txt,C:\Users\rajaa\OneDrive\Desktop\GardDat\1stdibs\2025\Q1\DIBS_2025-12-11_Q1.txt,1stdibs,1Stdibs,DIBS,DIBS,2025-12-11,2025,Q1,DIBS_2025-12-11_Q1.txt,0,236,3705,15.69915254237288,0.1816372939169983,2.851551584586774,0.03643724696356275,0.015654520917678813,0.0035087719298245615,0.012145748987854251,3705,0.015654520917678813,0.0035087719298245615,0.012145748987854251,3705,0.0,0.0,0.0,0,0.0,0.0,0.0,0,0.0,0.0,0.0,0,0.0010796221322537112,0.0,0.0010796221322537112,0.0,0.0,0.0,0.0,0.0,0.0,0.0,0.0,0.0010796221322537112,0.001349527665317139,0.001349527665317139,0.0005398110661268556,0,0,0,-0.012145748987854251,0.0,0.012685560053981106,0.0010796221322537112,-0.01349527665317139,0.00026990553306342584,2025-12-11,-0.004017473057720735,,0.0,0.013447485170659414,-0.004017473057720735,,0.0,0.014795028839664515,0.0,,0.0,0.003056546102903719,0.0,,0.0,0.0009324009324009324,0.0005496804258414165,,0.0,0.0005365212795553352,0.0,,0.0,5.813277525869085e-05,-0.00026497085320614734,,0.0,0.00020458916825276415,0.0,,0.0,0.0,0.0,,0.0,0.0,-0.0010401446933954676,,0.0,0.00106646298596763,0.0008195859589048443,,0.0,0.0008590208916112413,0.0005398110661268556,,0.0,0.0001799370220422852,-0.0042725745512123235,,0.0,0.01400865859642523,-0.0010401446933954676,,0.0,0.0011245957612263208,0.003197887098815891,,0.0,-0.010473358457869252,-0.0021148321457919016,,0.0,0.004659895899782299
1stdibs\2025\Q2\DIBS_2025-12-11_Q2,1stdibs\2025\Q2\DIBS_2025-12-11_Q2.txt,C:\Users\rajaa\OneDrive\Desktop\GardDat\1stdibs\2025\Q2\DIBS_2025-12-11_Q2.txt,1stdibs,1Stdibs,DIBS,DIBS,2025-12-11,2025,Q2,DIBS_2025-12-11_Q2.txt,0,173,2916,16.85549132947977,0.2416636787378989,4.073360041616839,0.03155006858710562,0.018518518518518517,0.005829903978052126,0.012688614540466393,2916,0.018518518518518517,0.005829903978052126,0.012688614540466393,2916,0.0,0.0,0.0,0,0.0,0.0,0.0,0,0.0,0.0,0.0,0,0.0006858710562414266,0.0,0.0006858710562414266,0.0,0.0,0.0,0.0,0.0,0.0,0.0,0.0,0.0030864197530864196,0.0006858710562414266,0.0024005486968449933,0.00102880658436214,0,0,0,-0.012688614540466393,0.0,0.012345679012345678,0.0030864197530864196,-0.013374485596707819,0.002057613168724279,2025-12-11,0.0005428655526121418,,-0.33565271034631666,0.01325776751311116,0.0005428655526121418,,-0.8487121233857275,0.014268425264864984,0.0,,-0.5773502691896257,0.002292409577177789,0.0,,-0.5773502691896257,0.0006993006993006993,-0.0003937510760122846,,0.28931444718696153,0.0005738587237268581,0.0,,-0.5773502691896258,4.359958144401814e-05,0.0,,-0.981853232765239,0.0001534418761895731,0.0,,0.0,0.0,0.0,,0.0,0.0,0.0020067976208327084,,1.3152347911133795,0.0015714521777473274,-0.0006636566090757124,,-0.4119841885785607,0.0008157334327687876,0.0004889955182352844,,1.4855169175390885,0.0003921544126222489,-0.00033988104163542796,,-0.640466527962627,0.013592913700405343,0.0020067976208327084,,1.3457187785150775,0.0016150517591913454,0.00012079105646357197,,-0.3683909346042469,-0.011198640242578894,0.0017877076356608533,,-0.4539126910882518,0.004009325217017794
1stdibs\2025\Q3\DIBS_2025-12-11_Q3,1stdibs\2025\Q3\DIBS_2025-12-11_Q3.txt,C:\Users\rajaa\OneDrive\Desktop\GardDat\1stdibs\2025\Q3\DIBS_2025-12-11_Q3.txt,1stdibs,1Stdibs,DIBS,DIBS,2025-12-11,2025,Q3,DIBS_2025-12-11_Q3.txt,0,52,971,18.673076923076923,0.25914315569487983,4.839000080379391,0.009268795056642637,0.025746652935118436,0.003089598352214212,0.02265705458290422,971,0.025746652935118436,0.003089598352214212,0.02265705458290422,971,0.0,0.0,0.0,0,0.0,0.0,0.0,0,0.0,0.0,0.0,0,0.0,0.0,0.0,0.0,0.0,0.0,0.0020597322348094747,0.0,0.0020597322348094747,0.0,0.0,0.008238928939237899,0.0010298661174047373,0.0010298661174047373,0.0,0,0,0,-0.02265705458290422,0.0,0.024716786817713696,0.008238928939237899,-0.023686920700308957,0.009268795056642638,2025-12-11,0.009968440042437828,0.010623570104355214,1.8547750224340194,0.015913660039199962,0.009968440042437828,0.006580939097339915,1.7915840358118404,0.015913660039199962,0.0,-0.009169638308711156,-0.5,0.0,0.0,-0.002797202797202797,-0.5,0.0,-0.0006858710562414266,0.0,-1.105007615104189,0.0005738587237268581,0.0,-0.00017439832577607255,-0.5,0.0,0.0020597322348094747,0.0017109355832573296,1.9672202075483916,0.0005811757720039055,0.0,0.0,0.0,0.0,0.0,0.0,0.0,0.0,0.005152509186151479,0.008238928939237899,1.8656368291526533,0.003631184412556802,0.0003439950611633108,0.00033227281430044716,0.5813727497800226,0.0008988016363438994,-0.00102880658436214,0.0,-0.7574563809381085,0.0003921544126222489,0.012371107805368018,0.012334505687612544,1.862390974016829,0.01667654012230848,0.005152509186151479,0.008064530613461827,1.8762748996892435,0.003631184412556802,-0.010312435103601138,-0.022455285731859877,-1.3741194803725763,-0.01681246167554386,0.007211181887918359,-0.002056249430785506,0.9598381228336399,0.0034952628593214177
1stdibs\2025\Q4\DIBS_2026-02-27_Q4,1stdibs\2025\Q4\DIBS_2026-02-27_Q4.txt,C:\Users\rajaa\OneDrive\Desktop\GardDat\1stdibs\2025\Q4\DIBS_2026-02-27_Q4.txt,1stdibs,1Stdibs,DIBS,DIBS,2026-02-27,2025,Q4,DIBS_2026-02-27_Q4.txt,0,155,2668,17.212903225806453,0.23282747603833867,4.007636813356695,0.046101949025487254,0.017616191904047975,0.0011244377811094452,0.01649175412293853,2668,0.017616191904047975,0.0011244377811094452,0.01649175412293853,2668,0.0,0.0,0.0,0,0.0,0.0,0.0,0,0.0,0.0,0.0,0,0.0,0.0,0.0,0.0,0.0,0.0,0.0003748125937031484,0.0,0.0003748125937031484,0.0003748125937031484,0.0,0.004497751124437781,0.0,0.0007496251874062968,0.0,0,0,0,-0.01649175412293853,0.0,0.01686656671664168,0.004122938530734632,-0.01649175412293853,0.004497751124437781,2026-02-27,-0.006165300459965689,0.00032853207736354556,0.3021170111559728,0.01599579305854085,-0.006165300459965689,0.00032853207736354556,0.13273205939638144,0.015995793058540847,0.0,0.0,-0.447213595499958,0.0,0.0,0.0,-0.447213595499958,0.0,0.0,-0.0005299417064122947,-0.9194970553034912,0.00044137329712378446,0.0,0.0,-0.4472135954999579,0.0,-0.0016849196411063262,0.00010984174049700107,-0.18761318871769872,0.0006086362071281557,0.0003748125937031484,0.0003748125937031484,2.2360679774997894,9.37031484257871e-05,0.0,0.0,0.0,0.0,-0.003741177814800118,0.002377984298788602,0.49590161865135235,0.004225680487253952,-0.0010298661174047373,-0.0005299417064122947,-1.7116069406977379,0.0007663162097408258,0.0,0.0,-0.6605966447224885,0.0003921544126222489,-0.007850220101072017,-9.156788855175027e-05,0.1995825190262294,0.01665364815017054,-0.004115990408503267,0.0020031717050854533,0.3769374580761066,0.004131977338828165,0.007195166577370425,0.0002014096290487502,-0.3467438744462714,-0.016762109268281675,-0.0047710439322048576,0.0021130134455824533,-0.11717840424898109,0.004023516220717031
5e-advanced\2026\UNKNOWN-QUARTER\FEAM_2026-02-17_UNKNOWN-QUARTER,5e-advanced\2026\UNKNOWN-QUARTER\FEAM_2026-02-17_UNKNOWN-QUARTER.txt,C:\Users\rajaa\OneDrive\Desktop\GardDat\5e-advanced\2026\UNKNOWN-QUARTER\FEAM_2026-02-17_UNKNOWN-QUARTER.txt,5e-advanced,5E Advanced,FEAM,FEAM,2026-02-17,2026,UNKNOWN-QUARTER,FEAM_2026-02-17_UNKNOWN-QUARTER.txt,0,30,513,17.1,0.31910569105691056,5.456707317073171,0.01364522417153996,0.007797270955165692,0.0,0.007797270955165692,513,0.007797270955165692,0.0,0.007797270955165692,513,0.0,0.0,0.0,0,0.0,0.0,0.0,0,0.0,0.0,0.0,0,0.0,0.0,0.0,0.0,0.0,0.0,0.001949317738791423,0.0,0.001949317738791423,0.005847953216374269,0.0,0.0,0.0,0.0,0.0,0,0,0,-0.007797270955165692,0.0,0.009746588693957114,-0.005847953216374269,-0.007797270955165692,-0.003898635477582846,2026-02-17,,,0.0,,,,0.0,,,,0.0,,,,0.0,,,,0.0,,,,0.0,,,,0.0,,,,0.0,,,,0.0,,,,0.0,,,,0.0,,,,0.0,,,,0.0,,,,0.0,,,,0.0,,,,0.0,
1-800-flowers-com\2022\Q4\FLWS_2022-09-02_Q4,1-800-flowers-com\2022\Q4\FLWS_2022-09-02_Q4.txt,C:\Users\rajaa\OneDrive\Desktop\GardDat\1-800-flowers-com\2022\Q4\FLWS_2022-09-02_Q4.txt,1-800-flowers-com,1 800 Flowers Com,FLWS,FLWS,2022-09-02,2022,Q4,FLWS_2022-09-02_Q4.txt,1,508,9506,18.712598425196852,0.1456469561422649,2.725433002142461,0.024405638544077426,0.009572901325478646,0.0029455081001472753,0.0066273932253313695,9506,0.01236226820747111,0.00429991937651169,0.00806234883095942,3721,0.007778738115816767,0.002074330164217805,0.005704407951598963,5785,0.008904109589041096,0.002054794520547945,0.00684931506849315,4380,0.0042796005706134095,0.0021398002853067048,0.0021398002853067048,1402,0.0,0.00010519671786240269,-0.00010519671786240269,0.00021039343572480537,0.00010519671786240269,0.00010519671786240269,0.0014727540500736377,0.0,0.0014727540500736377,0.0012623606143488324,0.00021039343572480537,0.001367557332211235,0.00042078687144961075,0.0014727540500736377,0.001051967178624027,0,0,0,-0.0012130337624662695,0.004709514783186446,0.006942983378918578,0.0,0.003075694149270566,0.010018677528189144,2022-09-02,,,0.0,,,,0.0,,,,0.0,,,,0.0,,,,0.0,,,,0.0,,,,0.0,,,,0.0,,,,0.0,,,,0.0,,,,0.0,,,,0.0,,,,0.0,,,,0.0,,,,0.0,,,,0.0,
1-800-flowers-com\2023\Q1\FLWS_2022-11-04_Q1,1-800-flowers-com\2023\Q1\FLWS_2022-11-04_Q1.txt,C:\Users\rajaa\OneDrive\Desktop\GardDat\1-800-flowers-com\2023\Q1\FLWS_2022-11-04_Q1.txt,1-800-flowers-com,1 800 Flowers Com,FLWS,FLWS,2022-11-04,2023,Q1,FLWS_2022-11-04_Q1.txt,1,393,6582,16.748091603053435,0.14307955783901605,2.396309541212223,0.015800668489820723,0.008356122759039806,0.005165603160133698,0.0031905195989061076,6582,0.011836441893830704,0.00860832137733142,0.0032281205164992827,2788,0.005798629414865577,0.002635740643120717,0.0031628887717448603,3794,0.006085964244960061,0.002282236591860023,0.003803727653100038,2629,0.0051635111876075735,0.0034423407917383822,0.0017211703958691911,1162,0.0,0.0,0.0,0.00015192950470981463,0.0007596475235490732,-0.0006077180188392585,0.0007596475235490732,0.0,0.0007596475235490732,0.0022789425706472195,0.0,0.002582801580066849,0.0007596475235490732,0.00045578851412944393,0.00015192950470981463,0,0,0,0.0005756071366007551,0.0020825572572308465,0.003798237617745366,-0.0003038590094196288,0.0018985168702825284,0.005392895478608266,2022-11-04,-0.003436873626425262,,0.0,0.004908956412118738,-0.004834228314460137,,0.0,0.005645234673729351,-0.0030455874153931125,,0.0,0.005326521360796594,-0.00041862988943751366,,0.0,0.001930485340587948,0.00010519671786240269,,0.0,-5.2598358931201344e-05,-0.0007129147367016612,,0.0,-0.00025126065048842794,-0.0007131065265245644,,0.0,0.0011162007868113556,0.0010165819562983872,,0.0,0.001770651592498026,-0.00021039343572480537,,0.0,0.00010519671786240269,0.0012152442478556142,,0.0,0.001975179456139042,0.0003388606520994625,,0.0,0.000590217197499342,-0.0009000376739142124,,0.0,0.0006019483416669208,-0.0031447457611732117,,0.0,0.005370610498331972,-0.0003038590094196288,,0.0,-0.0001519295047098144,-0.0011771772789880375,,0.0,0.0024871055097765472,-0.004625782049580878,,0.0,0.007705786503398705
1-800-flowers-com\2023\Q2\FLWS_2023-02-02_Q2,1-800-flowers-com\2023\Q2\FLWS_2023-02-02_Q2.txt,C:\Users\rajaa\OneDrive\Desktop\GardDat\1-800-flowers-com\2023\Q2\FLWS_2023-02-02_Q2.txt,1-800-flowers-com,1 800 Flowers Com,FLWS,FLWS,2023-02-02,2023,Q2,FLWS_2023-02-02_Q2.txt,1,380,6517,17.15,0.14211438474870017,2.437261698440208,0.015191038821543655,0.010894583397268683,0.003836120914531226,0.007058462482737456,6517,0.013349038084020416,0.006281900274833137,0.007067137809187279,2547,0.009319899244332493,0.0022670025188916876,0.007052896725440806,3970,0.00964095744680851,0.0019946808510638296,0.007646276595744681,3008,0.008412197686645636,0.0031545741324921135,0.005257623554153523,951,0.00015344483658124905,0.00015344483658124905,0.0,0.00015344483658124905,0.0010741138560687433,-0.0009206690194874942,0.0004603345097437471,0.0,0.0004603345097437471,0.0003068896731624981,0.0006137793463249962,0.0015344483658124904,0.0009206690194874942,0.0012275586926499924,0.00015344483658124905,0,0,0,0.0005791387865574016,0.0023886530415911577,0.007365352155899954,-0.0003068896731624981,0.002047122808661065,0.009105585291398521,2023-02-02,0.003867942883831348,,0.0,0.0056254584356583105,0.0038390172926879964,,0.0,0.0061192023855486605,0.0038425489426446428,,0.0,0.00609977310577929,0.003536453158284332,,0.0,0.0030395314117764734,0.0,,0.0,-3.50655726208009e-05,-0.0003129510006482357,,0.0,-0.0004743967734881167,-0.00029931301380532613,,0.0,0.0008975786944554861,-0.0019720528974847213,,0.0,0.0012827309527195167,0.0006137793463249962,,0.0,0.0002747242606832672,-0.0010483532142543587,,0.0,0.0018282690926968582,0.000161021495938421,,0.0,0.000700367804828726,1.515331871434415e-06,,0.0,0.00045244717330503024,0.003567114538154588,,0.0,0.006035524384187967,-3.030663742869318e-06,,0.0,-0.00020358289419404227,0.00014860593837853655,,0.0,0.0023404446094047195,0.003712689812790255,,0.0,0.008172386099398644
1-800-flowers-com\2023\Q3\FLWS_2023-05-11_Q3,1-800-flowers-com\2023\Q3\FLWS_2023-05-11_Q3.txt,C:\Users\rajaa\OneDrive\Desktop\GardDat\1-800-flowers-com\2023\Q3\FLWS_2023-05-11_Q3.txt,1-800-flowers-com,1 800 Flowers Com,FLWS,FLWS,2023-05-11,2023,Q3,FLWS_2023-05-11_Q3.txt,1,365,5949,16.2986301369863,0.16019333678577594,2.6109319466810437,0.016977643301395194,0.00874096486804505,0.005379055303412338,0.0033619095646327114,5949,0.011253395421032208,0.009313154831199068,0.0019402405898331393,2577,0.006820877817319098,0.002372479240806643,0.004448398576512456,3372,0.007802340702210663,0.0017338534893801473,0.006068487212830516,2307,0.004721435316336166,0.003777148253068933,0.0009442870632672333,1059,0.0,0.0,0.0,0.00016809547823163558,0.0013447638258530846,-0.001176668347621449,0.0005042864346949068,0.0,0.0005042864346949068,0.0005042864346949068,0.0,0.0013447638258530846,0.0005042864346949068,0.001176668347621449,0.0006723819129265423,1,0,1,0.004128246622997377,0.0051242001495632825,0.003193814086401076,-0.0003361909564632712,0.008748160337865752,0.011605783467803558,2023-05-11,-0.0036965529181047442,,-0.9479469531620287,0.005059571217901911,-0.00512689721935414,,-1.2262680791312401,0.005074461936619781,-0.0015777893829141644,,-0.01636229705220899,0.006091951632542097,-0.004313336490886289,,-0.9581170410961461,0.002515720324649163,0.0,,0.5773502691896258,-2.6299179465600672e-05,-0.0002559993281339548,,-1.0966146935632048,-0.0006499646670214498,4.3951924951159637e-05,,-0.7277960108013232,0.0007992556295153411,0.00019739676153240866,,-0.7537883810524887,0.0010881198232133643,-0.0006137793463249962,,-0.8222423017842131,0.00020604319551245038,-0.00018968453995940582,,-0.7100692766845426,0.001707392775985915,-0.0004163825847925875,,-0.737502165238074,0.0006513474622952712,0.0005189370763452933,,0.4349047356998828,0.0005074308582104082,-0.004171538069498878,,-1.1535682010123627,0.005325096809741243,-2.930128330077311e-05,,-0.724576485729397,-0.00023673490976134953,0.006701037529204687,,1.7093882828519489,0.003942373541519978,0.0025001981764050368,,1.1279762676285041,0.009030735441499873
1-800-flowers-com\2023\Q4\FLWS_2023-08-31_Q4,1-800-flowers-com\2023\Q4\FLWS_2023-08-31_Q4.txt,C:\Users\rajaa\OneDrive\Desktop\GardDat\1-800-flowers-com\2023\Q4\FLWS_2023-08-31_Q4.txt,1-800-flowers-com,1 800 Flowers Com,FLWS,FLWS,2023-08-31,2023,Q4,FLWS_2023-08-31_Q4.txt,1,369,6994,18.953929539295395,0.14830760095011877,2.8110118185504898,0.02730912210466114,0.009722619388046897,0.004718329997140406,0.0050042893909064915,6994,0.012654587287891862,0.00805291918320391,0.004601668104687949,3477,0.0068239977253340914,0.0014216661927779358,0.005402331532556156,3517,0.006460387623257395,0.0006800408024481469,0.005780346820809248,2941,0.008726003490401396,0.005235602094240838,0.0034904013961605585,573,0.0,0.0,0.0,0.00014297969688304262,0.0,0.00014297969688304262,0.0008578781812982557,0.0,0.0008578781812982557,0.001143837575064341,0.00028595939376608524,0.0020017157563625965,0.00042893909064912783,0.0018587360594795538,0.0010008578781812983,0,0,0,0.0011786787161212993,0.0022899454246486897,0.004861309694023448,0.0007148984844152131,0.0030396850501208613,0.008615893228559523,2023-08-31,0.00164237982627378,-0.001623103834424878,-0.027606979877532852,0.004653795259295691,0.00266142751485481,-0.0034606807262714707,-0.16488894758860015,0.004209291755051912,-0.000288140392021268,-0.001068968247683902,-0.19343841097594822,0.005824709570621121,0.0025461143328933252,0.0013506011108538538,0.513700606480234,0.002853370602362627,0.0,0.00010519671786240269,0.5,0.0,0.0013196480445044918,3.778297902063993e-05,1.1879400792288497,-0.0006405189222662899,0.0003535917466033489,-0.000614875868775382,0.12910290109917472,0.0006455366623214957,0.0006395511403694342,-0.0001185230392844914,0.0643094002235967,0.0010584890633922412,0.00028595939376608524,7.556595804127987e-05,0.28238952033307646,0.00022493468502277032,0.0006569519305095119,0.0006341584241513615,0.49916201789704207,0.0018659323820237551,-7.534734404577892e-05,8.152219199517084e-06,-0.8927175211702489,0.0006533855170951506,0.00032847596525475596,-5.1109300442728775e-05,1.005769295023488,0.0004946535330997261,0.0016674956076223723,-0.0020816736848951294,-0.22312400306138452,0.004804678388517461,0.0010510894408784842,0.0007148984844152131,1.9034486336804495,-5.8010288657546266e-05,-0.0057084752877448915,-3.600909914970455e-05,-0.28426761895019964,0.003933371266732552,-0.0029898902392440346,-0.0014027842996296204,-0.16199931551345698,0.008680039366592467
1-800-flowers-com\2024\Q1\FLWS_2023-11-03_Q1,1-800-flowers-com\2024\Q1\FLWS_2023-11-03_Q1.txt,C:\Users\rajaa\OneDrive\Desktop\GardDat\1-800-flowers-com\2024\Q1\FLWS_2023-11-03_Q1.txt,1-800-flowers-com,1 800 Flowers Com,FLWS,FLWS,2023-11-03,2024,Q1,FLWS_2023-11-03_Q1.txt,1,320,5583,17.446875,0.14629221732745962,2.552342029185022,0.017911517105498837,0.005015224789539674,0.003403188250044779,0.0016120365394948952,5583,0.007930513595166163,0.0056646525679758305,0.0022658610271903325,2648,0.002385008517887564,0.001362862010221465,0.0010221465076660989,2935,0.002579218865143699,0.001105379513633014,0.0014738393515106854,2714,0.0,0.004651162790697674,-0.004651162790697674,215,0.0,0.0,0.0,0.0007164606842199534,0.0,0.0007164606842199534,0.0003582303421099767,0.0,0.0003582303421099767,0.0,0.00017911517105498835,0.0021493820526598604,0.0008955758552749418,0.0008955758552749418,0.0005373455131649651,0,0,0,-0.0007920216756796472,0.00612500214220836,0.0014329213684399068,0.0026867275658248252,0.0044374046112537705,0.008557053545518502,2023-11-03,-0.0033922528514115963,-0.0015784830594112124,-1.4731838625610583,0.004259174494442889,-0.0023358070774976165,-0.0009622594893089502,-0.9725654332907729,0.003968726882724675,-0.004306507469298563,-0.0023298883015893525,-1.8379780648422526,0.005242237495223782,-0.008141564186858232,-0.006372333186566865,-1.9959532894821463,0.0012602873057209103,0.0,0.0,0.447213595499958,0.0,0.0005734809873369108,0.001324178703059212,1.5169754092560157,-0.00030947424650148677,-0.000499647839188279,-0.00040141718143909654,-1.0140368804838051,0.0005451823669617216,-0.001143837575064341,-0.0022789425706472195,-1.2152855542331666,0.0004887534207304365,-0.00010684422271109689,0.00017911517105498835,-0.1725075813001379,0.0002697134777865174,0.00014766629629726392,-0.00043341952740698873,0.7037618809890136,0.0017575775001720082,0.000466636764625814,0.00013592833172586857,1.1382106929483182,0.0006873676000266176,-0.00046351236501633315,0.0003854160084551505,-0.1595475908334376,0.0005910075352135136,-0.0034283883255835416,-0.002365316249305459,-1.525226097322308,0.004213349326191097,0.001971829081409612,0.002990586575244454,2.10492363209882,0.0006896363551535672,0.0013977195611329092,0.002538887740971242,0.24134260046437878,0.004568093201975362,-5.883968304102108e-05,0.0031641580669102363,-0.17357833947807247,0.009471078883320026
1-800-flowers-com\2024\Q2\FLWS_2024-02-01_Q2,1-800-flowers-com\2024\Q2\FLWS_2024-02-01_Q2.txt,C:\Users\rajaa\OneDrive\Desktop\GardDat\1-800-flowers-com\2024\Q2\FLWS_2024-02-01_Q2.txt,1-800-flowers-com,1 800 Flowers Com,FLWS,FLWS,2024-02-01,2024,Q2,FLWS_2024-02-01_Q2.txt,0,51,1133,22.215686274509803,0.209009009009009,4.643278572690337,0.009708737864077669,0.0088261253309797,0.00264783759929391,0.00617828773168579,1133,0.0088261253309797,0.00264783759929391,0.00617828773168579,1133,0.0,0.0,0.0,0,0.0,0.0,0.0,0,0.0,0.0,0.0,0,0.0,0.0,0.0,0.00088261253309797,0.0,0.00088261253309797,0.00088261253309797,0.0,0.00088261253309797,0.0,0.0,0.0,0.0,0.00088261253309797,0.0,0,0,0,-0.00617828773168579,0.0,0.00706090026478376,0.00088261253309797,-0.00617828773168579,0.0017652250661959407,2024-02-01,0.0045662511921908955,-0.0008801747510516654,0.7697748682050841,0.004039130806679972,0.003912426704495458,-0.0008888500775014888,0.6347332388260962,0.0037465143633493023,-0.0014738393515106854,-0.007646276595744681,-1.700361090203524,0.0033306683462876125,0.004651162790697674,-0.005257623554153523,-0.4396475950765407,-5.4118582817470635e-05,0.0,0.0,0.408248290463863,0.0,0.00016615184887801661,0.0018032815525854643,1.3606261363519623,0.00014134614164487924,0.0005243821909879933,0.0004222780233542229,0.3619875758099759,0.0006507518728002772,0.0,-0.0003068896731624981,-1.022433203320001,0.00041203100243981196,-0.00017911517105498835,-0.0006137793463249962,-0.89355427590315,0.0001162686412052684,-0.0021493820526598604,-0.0015344483658124904,-2.048266386325729,0.0013739654087188856,-0.0008955758552749418,-0.0009206690194874942,-1.8628284374615225,0.0004572003451547441,-0.0005373455131649651,-0.00015344483658124905,-1.2993091560262258,0.0005526463260682014,0.005627978896343854,-0.0003044518911161937,1.0018942863471514,0.004137236353412048,-0.0018041150327268553,0.0011895022062604682,0.3997061138360051,0.0009870119067186844,-0.010615692342939562,-0.008225410540346855,-2.0874812023737057,0.002511740566888648,-0.006791828479322561,-0.00734036022520258,-2.009263434966284,0.007635988827019381
1-800-flowers-com\2024\Q3\FLWS_2024-05-03_Q3,1-800-flowers-com\2024\Q3\FLWS_2024-05-03_Q3.txt,C:\Users\rajaa\OneDrive\Desktop\GardDat\1-800-flowers-com\2024\Q3\FLWS_2024-05-03_Q3.txt,1-800-flowers-com,1 800 Flowers Com,FLWS,FLWS,2024-05-03,2024,Q3,FLWS_2024-05-03_Q3.txt,1,403,7450,18.4863523573201,0.14994472084024324,2.771930943572735,0.01664429530201342,0.006308724832214765,0.005906040268456376,0.00040268456375838925,7450,0.008336112037345782,0.009003001000333445,-0.0006668889629876625,2999,0.004942709503482363,0.003819366434509099,0.0011233430689732643,4451,0.005620985010706638,0.0034796573875802996,0.0021413276231263384,3736,0.0014204545454545455,0.005681818181818182,-0.004261363636363636,704,0.0,0.0,0.0,0.00040268456375838925,0.0,0.00040268456375838925,0.00013422818791946307,0.0,0.00013422818791946307,0.00040268456375838925,0.0,0.00026845637583892615,0.0,0.001476510067114094,0.00026845637583892615,0,0,0,0.0028082165861140007,0.006402691259489975,0.00026845637583892615,0.00026845637583892615,0.009210907845603977,0.009747820597281829,2024-05-03,-0.005775603167927401,-0.002959225000874322,-1.6590387337464243,0.0032993245564613915,-0.006845176694673453,-0.002607129552820802,-1.7265977575272098,0.0030947319751441025,0.0021413276231263384,-0.003927159589704177,-0.7976733865531361,0.002348878448861568,-0.004261363636363636,-0.00520565069963087,-1.482166474698683,-0.001355531257725188,0.0,0.0,0.3779644730092272,0.0,-0.00047992796933958077,0.0015793529113798384,0.6449897993825098,0.0005361843694898388,-0.0007483843451785069,-0.00037005824677544365,-1.4130150601196012,0.0005582373111064163,0.00040268456375838925,-0.0001016018709365175,-0.45884844792356877,0.00038663053470568257,0.0,0.0,-0.7970161794306768,0.0001162686412052684,0.00026845637583892615,-0.0010763074500141584,-1.3616268730074248,0.0011048885462153458,0.0,-0.0005042864346949068,-1.4552503523384106,0.0003311287364810174,0.00026845637583892615,-0.00040392553708761615,-0.5621227412797561,0.00045166494179629737,-0.006792443888944834,-0.00292535771056215,-1.634995397394685,0.00340589692577151,-0.0006141561572590439,0.0006046473323021973,-0.19139235074064048,0.0011381737397942336,0.015389195577289766,0.0004627475077382242,1.3275745176812153,0.0026274274438232038,0.007982595531085889,-0.0018579628705217288,0.5663527472454981,0.0071714981093889485
1-800-flowers-com\2024\Q4\FLWS_2024-08-29_Q4,1-800-flowers-com\2024\Q4\FLWS_2024-08-29_Q4.txt,C:\Users\rajaa\OneDrive\Desktop\GardDat\1-800-flowers-com\2024\Q4\FLWS_2024-08-29_Q4.txt,1-800-flowers-com,1 800 Flowers Com,FLWS,FLWS,2024-08-29,2024,Q4,FLWS_2024-08-29_Q4.txt,1,448,7788,17.383928571428573,0.14825581395348839,2.577268480066446,0.01926040061633282,0.008346173600410888,0.003723677452491012,0.004622496147919877,7788,0.00841852074564041,0.005712567648827421,0.0027059530968129887,3326,0.008292245629762439,0.0022411474675033617,0.006051098162259076,4462,0.007608034083992696,0.0009129640900791236,0.006695069993913573,3286,0.010230179028132993,0.005967604433077579,0.004262574595055414,1173,0.0,0.0,0.0,0.0,0.00012840267077555214,-0.00012840267077555214,0.00025680534155110427,0.0,0.00025680534155110427,0.00025680534155110427,0.0,0.0003852080123266564,0.0003852080123266564,0.0007704160246533128,0.0005136106831022085,0,0,0,0.003989116897100584,0.002432495398858159,0.004365690806368772,0.0,0.006036404283632086,0.010402095090000858,2024-08-29,0.004219811584161488,-0.0003817932429866144,0.33087682446513406,0.003203876245714738,0.0033728420598006514,-0.0018957150078749603,-0.30558106686269343,0.0026208032231753624,0.004553742370787234,0.0009147231731043244,0.9638687015062879,0.0025775592421376494,0.008523938231419049,0.0007721731988948551,0.9868345634612816,-0.0011624879580014742,0.0,0.0,0.0,0.0,-0.0005310872345339414,-0.0002713823676585948,-0.05958918717939893,0.0004683387775751901,0.0001225771536316412,-0.0006010728397471514,-1.0288072096671501,0.00040796910116962855,-0.00014587922220728498,-0.0008870322335132367,-0.4966021471038934,0.00016487247632737337,0.0,-0.00028595939376608524,-0.649309633708904,4.477879276374709e-05,0.00011675163648773026,-0.0016165077440359402,-0.996004108576988,0.0007007616102063607,0.0003852080123266564,-4.3731078322471425e-05,-0.29992482071919546,0.00032019596690039954,0.0002451543072632824,-0.0004872471950790897,0.32767937535998065,0.00032985314302652494,0.004097234430529846,-0.0004956188876546761,0.13943125101239232,0.0032819922038578413,-0.00026845637583892615,-0.0007148984844152131,-0.47329534695416625,0.0009594491186904303,-0.0031745035619718904,0.002996719233511225,0.5230496335405523,0.0033766072522010103,0.0006542744927190286,0.0017862018614413343,0.7658929047406389,0.0076180485747492825
1-800-flowers-com\2025\Q1\FLWS_2024-10-31_Q1,1-800-flowers-com\2025\Q1\FLWS_2024-10-31_Q1.txt,C:\Users\rajaa\OneDrive\Desktop\GardDat\1-800-flowers-com\2025\Q1\FLWS_2024-10-31_Q1.txt,1-800-flowers-com,1 800 Flowers Com,FLWS,FLWS,2024-10-31,2025,Q1,FLWS_2024-10-31_Q1.txt,0,29,536,18.482758620689655,0.1875,3.4655172413793105,0.033582089552238806,0.005597014925373134,0.0,0.005597014925373134,536,0.005597014925373134,0.0,0.005597014925373134,536,0.0,0.0,0.0,0,0.0,0.0,0.0,0,0.0,0.0,0.0,0,0.0,0.0,0.0,0.0,0.0,0.0,0.0,0.0,0.0,0.0,0.0,0.0,0.0,0.0,0.0,0,0,0,-0.005597014925373134,0.0,0.005597014925373134,0.0,-0.005597014925373134,0.0,2024-10-31,0.0009745187774532569,0.003984978385878239,0.638632621049645,0.004200120842184298,0.0028910618285601453,0.0033311538981828015,0.7772053840502849,0.0034535916977210626,-0.006695069993913573,-0.0014738393515106854,-1.2663892799052106,0.002209099404259978,-0.004262574595055414,0.004651162790697674,-0.18242514937091975,3.027396729444066e-07,0.0,0.0,0.0,0.0,0.00012840267077555214,-0.0007164606842199534,0.01484297292271272,0.0002892236065202018,-0.00025680534155110427,-0.0003582303421099767,-1.4577849414423385,0.00031841151564213435,-0.00025680534155110427,0.0,-0.9105841881255191,0.00016487247632737337,0.0,-0.00017911517105498835,-0.649309633708904,0.0,-0.0003852080123266564,-0.0021493820526598604,-1.1449859099666604,0.00016341609704139564,-0.0003852080123266564,-0.0008955758552749418,-1.1038200981962738,9.63020030816641e-05,-0.0005136106831022085,-0.0005373455131649651,-1.1961580642999963,0.00019551676473528366,0.0012313241190043617,0.004164093556933228,0.5621014998222241,0.004323015593091148,0.0,-0.0026867275658248252,-0.5270868626439232,0.00028776722723422403,-0.01163341920900522,-0.010034419536626905,-1.5139399000024778,0.000868002368044284,-0.010402095090000858,-0.008557053545518502,-1.8955384819222605,0.005478785188369657
1-800-flowers-com\2025\Q2\FLWS_2025-01-31_Q2,1-800-flowers-com\2025\Q2\FLWS_2025-01-31_Q2.txt,C:\Users\rajaa\OneDrive\Desktop\GardDat\1-800-flowers-com\2025\Q2\FLWS_2025-01-31_Q2.txt,1-800-flowers-com,1 800 Flowers Com,FLWS,FLWS,2025-01-31,2025,Q2,FLWS_2025-01-31_Q2.txt,1,457,7180,15.711159737417944,0.14149737178576502,2.223087810550969,0.011002785515320334,0.0036211699164345403,0.0018105849582172701,0.0018105849582172701,7180,0.007759958613554061,0.0031039834454216243,0.0046559751681324365,1933,0.0020964360587002098,0.0013340956737183153,0.0007623403849818944,5247,0.002232696601339618,0.0012403870007442323,0.0009923096005953857,4031,0.0016488046166529267,0.0016488046166529267,0.0,1213,0.0,0.0,0.0,0.0,0.00041782729805013927,-0.00041782729805013927,0.0002785515320334262,0.0,0.0002785515320334262,0.0002785515320334262,0.0,0.0005571030640668524,0.0001392757660167131,0.001671309192200557,0.0011142061281337048,0,0,0,-0.0036636655675370508,0.0009923096005953857,0.0009749303621169917,-0.00013927576601671307,-0.002810631732958378,-0.0019749771368580997,2025-01-31,-0.003786429967155864,-0.00436770277346852,-0.8944747996661975,0.0031081951488171676,-0.0009410397572406975,-0.0015223125635533538,0.5874293747582636,0.0030730135568327243,0.0009923096005953857,0.0009923096005953857,-0.7199853841000734,0.002457176804408824,0.0,0.0,0.009030287854429676,3.027396729444066e-07,0.0,0.0,0.0,0.0,-0.00041782729805013927,-0.0013004398311481093,-0.7648189417502699,-3.588635126682554e-05,0.0002785515320334262,-0.0006040610010645438,-0.4349488744790585,0.0001673962653759984,0.0002785515320334262,0.0002785515320334262,-0.12448835102188972,0.00023451035933572993,0.0,0.0,-0.5580487534028177,0.0,0.0005571030640668524,0.0005571030640668524,-0.34409990721056444,0.0003026918630581087,0.0001392757660167131,0.0001392757660167131,-0.517763282926072,0.00013112094458584238,0.0011142061281337048,0.0011142061281337048,1.5439479637546103,0.0004740682967687099,-0.0046220845632561425,-0.006085969902666769,-1.103776737757985,0.0028015231174244562,-0.00013927576601671307,-0.001021888299114683,-0.7125550328778208,3.229515245555327e-05,0.002786383192414756,0.003367655998727412,-0.849519000986518,0.0017099163677261368,-0.0019749771368580997,-0.0037402022030540404,-1.630592685135968,0.0045437346376061465
1-800-flowers\2025\Q1\FLWS_2025-12-11_Q1,1-800-flowers\2025\Q1\FLWS_2025-12-11_Q1.txt,C:\Users\rajaa\OneDrive\Desktop\GardDat\1-800-flowers\2025\Q1\FLWS_2025-12-11_Q1.txt,1-800-flowers,1 800 Flowers,FLWS,FLWS,2025-12-11,2025,Q1,FLWS_2025-12-11_Q1.txt,0,20,442,22.1,0.18439716312056736,4.075177304964539,0.03619909502262444,0.006787330316742082,0.0,0.006787330316742082,442,0.006787330316742082,0.0,0.006787330316742082,442,0.0,0.0,0.0,0,0.0,0.0,0.0,0,0.0,0.0,0.0,0,0.0,0.0,0.0,0.0,0.0,0.0,0.0,0.0,0.0,0.0,0.0,0.0,0.0,0.0,0.0,0,0,0,-0.006787330316742082,0.0,0.006787330316742082,0.0,-0.006787330316742082,0.0,2025-12-11,0.004976745358524812,0.006384645752983692,1.2473117428271905,0.004704356587063091,0.002131355148609645,0.007454219279729744,1.2051267207463467,0.00493656837676516,-0.0009923096005953857,-0.0021413276231263384,-0.8584443928518621,0.0019218448986272397,0.0,0.004261363636363636,0.04900803278987791,0.0010656436487638534,0.0,0.0,0.0,0.0,0.00041782729805013927,-0.00040268456375838925,-0.48702719270473926,-0.00013655749220642285,-0.0002785515320334262,-0.00013422818791946307,-1.0635342471679672,0.00013383921839613263,-0.0002785515320334262,-0.00040268456375838925,-0.7108141309955031,0.00013383921839613263,0.0,0.0,-0.5580487534028177,0.0,-0.0005571030640668524,-0.00026845637583892615,-0.8036817157256765,0.00023557776909837719,-0.0001392757660167131,0.0,-0.7669734016463966,0.00013112094458584238,-0.0011142061281337048,-0.00026845637583892615,-1.0287021567768042,0.0004069542028089783,0.00581239995462509,0.006518873940903155,1.1454824739908183,0.004431241602650245,0.00013927576601671307,-0.00026845637583892615,-0.6284258496839366,-3.481894150417827e-05,-0.0039766985837837035,-0.015998238162346058,-1.1898230445584077,-0.002289643172860378,0.0019749771368580997,-0.009747820597281829,-0.9633458858524847,0.0021067794882856893
1-800-flowers\2025\Q2\FLWS_2025-12-11_Q2,1-800-flowers\2025\Q2\FLWS_2025-12-11_Q2.txt,C:\Users\rajaa\OneDrive\Desktop\GardDat\1-800-flowers\2025\Q2\FLWS_2025-12-11_Q2.txt,1-800-flowers,1 800 Flowers,FLWS,FLWS,2025-12-11,2025,Q2,FLWS_2025-12-11_Q2.txt,0,415,7171,17.279518072289157,0.14425810119386015,2.4927104666534246,0.012132199135406498,0.0036257146841444706,0.0018128573420722353,0.0018128573420722353,7171,0.0036257146841444706,0.0018128573420722353,0.0018128573420722353,7171,0.0,0.0,0.0,0,0.0,0.0,0.0,0,0.0,0.0,0.0,0,0.0,0.0,0.0,0.0,0.000418351694324362,-0.000418351694324362,0.0002789011295495747,0.0,0.0002789011295495747,0.0002789011295495747,0.0,0.0005578022590991494,0.00013945056477478735,0.001673406777297448,0.0011156045181982988,0,0,0,-0.0018128573420722353,0.0,0.0009761539534235114,-0.00013945056477478732,-0.0019523079068470227,-0.0011156045181982986,2025-12-11,-0.004974472974669846,-0.002809638805847642,-0.7774503904325334,0.00400194688560118,-0.004974472974669846,-0.0008930957547407534,-0.7744872860214326,0.004713294438079971,0.0,-0.006695069993913573,-0.6605482119245437,0.00024807740014884665,0.0,-0.004262574595055414,0.22115699916676657,0.0,0.0,0.0,0.0,0.0,-0.000418351694324362,-0.0002899490235488099,-1.1936682707628712,-0.00020904474809362532,0.0002789011295495747,2.2095787998470428e-05,0.020010445815571234,0.00013936316539575022,0.0002789011295495747,2.2095787998470428e-05,0.8051519536097901,0.00013936316539575022,0.0,0.0,-0.3779644730092273,0.0,0.0005578022590991494,0.000172594246772493,0.10226799848504942,0.00027872633079150045,0.00013945056477478735,-0.00024575744755186903,-0.18958884636797993,6.968158269787511e-05,0.0011156045181982988,0.0006019938350960903,1.5335074908188526,0.0005574526615830008,-0.00581117636331857,-0.0033895368529452607,-0.9280840314795441,0.0035838573894139297,-0.00013945056477478732,-0.00013945056477478732,-0.6470151693940417,-6.96815826978751e-05,0.0048350224098950585,-0.007988712190479108,-0.25936038143227985,-0.004286821220480155,-0.0011156045181982986,-0.011517699608199157,-0.9288270106646709,-0.0007726454137640996
1-800-flowers-com\2026\Q1\FLWS_2025-12-12_Q1,1-800-flowers-com\2026\Q1\FLWS_2025-12-12_Q1.txt,C:\Users\rajaa\OneDrive\Desktop\GardDat\1-800-flowers-com\2026\Q1\FLWS_2025-12-12_Q1.txt,1-800-flowers-com,1 800 Flowers Com,FLWS,FLWS,2025-12-12,2026,Q1,FLWS_2025-12-12_Q1.txt,1,245,4102,16.742857142857144,0.18175018698578907,3.04301741639064,0.01462701121404193,0.013164310092637738,0.0024378352023403218,0.010726474890297415,4102,0.0238230289279637,0.003970504821327283,0.019852524106636415,1763,0.005130397605814451,0.0012825994014536127,0.003847798204360838,2339,0.0,0.0,0.0,0,0.0,0.0,0.0,0,0.0,0.0,0.0,0.0,0.00048756704046806434,-0.00048756704046806434,0.00048756704046806434,0.0,0.00048756704046806434,0.00024378352023403217,0.0,0.00048756704046806434,0.0,0.0021940516821062897,0.0014627011214041932,0,0,0,-0.019852524106636415,0.0,0.009751340809361287,-0.00024378352023403217,-0.019852524106636415,-0.01034496681750916,2025-12-12,0.00891361754822518,0.005129459964924281,1.9066429171733998,0.005284311876832251,0.01803966676456418,0.014255509181263282,2.420233082899023,0.008277171733395792,0.0,0.0,-0.5613674380411905,0.00024807740014884665,0.0,0.0,-7.103281662394786e-05,0.0,0.0,0.0,0.0,0.0,-6.921534614370232e-05,-0.00048756704046806434,-1.0632191511583144,-0.0003309365082106414,0.00020866591091848964,0.00048756704046806434,0.7318186831184547,0.0002612549255127663,-3.511760931554253e-05,0.00024378352023403217,0.41233202259065327,0.00020030904545425827,0.0,0.0,0.0,0.0,-7.023521863108506e-05,0.00048756704046806434,0.8730875641823789,0.00040061809090851655,-0.00013945056477478735,0.0,-0.6457764449096687,6.968158269787511e-05,0.0003470966032058944,0.0014627011214041932,1.6295435763368376,0.0009231279419340491,0.008775186855937776,0.004154325883988153,1.6355339502485153,0.004622438860410968,-0.00010433295545924485,-0.00024378352023403217,-0.9610921828900343,-0.00013062746275638315,-0.017900216199789393,-0.014255509181263282,-1.9819675719781538,-0.007850698515795975,-0.009229362299310862,-0.01034496681750916,-1.8335643008036515,-0.0033588871181413895
1-800-flowers-com-earnings-transcript\2026\UNKNOWN-QUARTER\FLWS_2026-01-29_UNKNOWN-QUARTER,1-800-flowers-com-earnings-transcript\2026\UNKNOWN-QUARTER\FLWS_2026-01-29_UNKNOWN-QUARTER.txt,C:\Users\rajaa\OneDrive\Desktop\GardDat\1-800-flowers-com-earnings-transcript\2026\UNKNOWN-QUARTER\FLWS_2026-01-29_UNKNOWN-QUARTER.txt,1-800-flowers-com-earnings-transcript,1 800 Flowers Com Earnings Transcript,FLWS,FLWS,2026-01-29,2026,UNKNOWN-QUARTER,FLWS_2026-01-29_UNKNOWN-QUARTER.txt,0,305,4485,14.704918032786885,0.18394193694715355,2.7048511055999467,0.009587513935340023,0.015384615384615385,0.00423634336677815,0.011148272017837236,4485,0.015384615384615385,0.00423634336677815,0.011148272017837236,4485,0.0,0.0,0.0,0,0.0,0.0,0.0,0,0.0,0.0,0.0,0,0.0,0.0,0.0,0.0,0.0,0.0,0.0,0.0,0.0,0.0,0.0,0.0004459308807134894,0.0002229654403567447,0.002006688963210702,0.0006688963210702341,0,0,0,-0.011148272017837236,0.0,0.010479375696767003,0.0004459308807134894,-0.01137123745819398,-0.0004459308807134889,2026-01-29,0.0004217971275398205,0.009337687059619966,1.5277766396493497,0.007618733641737242,-0.008704252088799179,0.006492296849704799,0.7717040356182041,0.009900245945821992,0.0,-0.0009923096005953857,-0.5613674380411905,0.0,0.0,0.0,-7.103281662394786e-05,0.0,0.0,0.0,0.0,0.0,0.00048756704046806434,0.00041782729805013927,0.46810433185763345,-0.00022647968369810662,-0.00048756704046806434,-0.0002785515320334262,-1.0842328801296053,0.00019161704250440976,-0.00024378352023403217,-0.0002785515320334262,-1.230341931832212,0.00013067116244590174,0.0,0.0,0.0,0.0,-4.163615975457492e-05,-0.00011117218335336297,0.5058080058161153,0.0003728250450701758,0.0002229654403567447,8.368967434003161e-05,0.8516292531849786,9.060400128288302e-05,-0.0007938048003339591,-0.0004453098070634707,0.05064966730761477,0.0008118004901681815,0.0007280348874057156,0.009504445334650011,1.4961441064315208,0.00699855019407347,0.0006897144009475216,0.0005852066467302025,1.976497775354161,1.5674198926167476e-05,0.008481286648442435,-0.008560605725235603,-0.8372678946645145,-0.009990849947104875,0.009899035936795671,0.0015290462561446108,-0.1972948566131351,-0.0029766255541052366
3m\2022\Q3\MMM_2022-10-25_Q3,3m\2022\Q3\MMM_2022-10-25_Q3.txt,C:\Users\rajaa\OneDrive\Desktop\GardDat\3m\2022\Q3\MMM_2022-10-25_Q3.txt,3m,3M,MMM,MMM,2022-10-25,2022,Q3,MMM_2022-10-25_Q3.txt,1,546,9567,17.521978021978022,0.17868852459016393,3.1309764006485317,0.031148740462004807,0.016619629978049544,0.006376084456987561,0.010243545521061983,9567,0.020775969962453067,0.009762202753441803,0.011013767209011264,3995,0.013639626704953339,0.003948312993539124,0.009691313711414214,5572,0.01515858208955224,0.003031716417910448,0.012126865671641791,4288,0.008566978193146417,0.007009345794392523,0.001557632398753894,1284,0.0005226298735235706,0.00020905194940942825,0.00031357792411414236,0.0006271558482282847,0.0,0.0006271558482282847,0.0011497857217518553,0.0,0.0011497857217518553,0.0019859935193895684,0.00010452597470471412,0.0004181038988188565,0.0012543116964565694,0.004390090937597993,0.003658409114664994,0,0,0,0.0011130984626305275,0.010569233272887897,0.008048500052262986,-0.0010452597470471414,0.010428020039061856,0.0174312603442777,2022-10-25,,,0.0,,,,0.0,,,,0.0,,,,0.0,,,,0.0,,,,0.0,,,,0.0,,,,0.0,,,,0.0,,,,0.0,,,,0.0,,,,0.0,,,,0.0,,,,0.0,,,,0.0,,,,0.0,
3m\2022\Q4\MMM_2023-01-25_Q4,3m\2022\Q4\MMM_2023-01-25_Q4.txt,C:\Users\rajaa\OneDrive\Desktop\GardDat\3m\2022\Q4\MMM_2023-01-25_Q4.txt,3m,3M,MMM,MMM,2023-01-25,2022,Q4,MMM_2023-01-25_Q4.txt,1,647,10210,15.780525502318392,0.16567744576340565,2.614477158028395,0.03388834476003918,0.009010773751224289,0.007835455435847209,0.0011753183153770813,10210,0.013740102468560783,0.011178388448998603,0.0025617140195621797,4294,0.005578093306288032,0.005409060175794456,0.00016903313049357674,5916,0.006655955932981409,0.004590314436538903,0.0020656414964425065,4357,0.0025756600128783,0.0077269800386349004,-0.0051513200257566,1553,0.0,0.0005876591576885406,-0.0005876591576885406,0.0002938295788442703,0.0001958863858961802,9.79431929480901e-05,0.0006856023506366307,0.0,0.0006856023506366307,0.0022526934378060723,0.0,0.0001958863858961802,0.0006856023506366307,0.004309500489715965,0.0015670910871694416,0,1,-1,-0.0004960725231196732,0.007216961522199106,-0.00029382957884427027,-0.001958863858961802,0.006035286648442803,0.003782593210636731,2023-01-25,-0.009068227205684901,,0.0,0.005709431918219533,-0.008452053189449084,,0.0,0.006787740614286722,-0.010061224175199284,,0.0,0.007096253584042149,-0.006708952424510494,,0.0,-0.0017968438135013529,-0.0009012370818026829,,0.0,-0.00013704061678719914,-0.0005292126552801946,,0.0,0.0003625495205881874,-0.00046418337111522455,,0.0,0.0009176940361942431,0.0002666999184165039,,0.0,0.0021193434785978203,-0.00010452597470471412,,0.0,5.226298735235706e-05,-0.0002222175129226763,,0.0,0.00030699514235751836,-0.0005687093458199387,,0.0,0.0009699570235466,-0.0020913180274955527,,0.0,0.0026127501009172178,-0.008342329631107256,,0.0,0.003877335236709358,-0.0009136041119146604,,0.0,-0.0015020618030044716,-0.004392733390619053,,0.0,0.008231653343752329,-0.01364866713364097,,0.0,0.010606926777457216
3m\2023\Q2\MMM_2023-07-25_Q2,3m\2023\Q2\MMM_2023-07-25_Q2.txt,C:\Users\rajaa\OneDrive\Desktop\GardDat\3m\2023\Q2\MMM_2023-07-25_Q2.txt,3m,3M,MMM,MMM,2023-07-25,2023,Q2,MMM_2023-07-25_Q2.txt,1,572,9059,15.837412587412587,0.16615454648913167,2.6314581060228037,0.026824152776244618,0.011259520918423667,0.011369908378408213,-0.00011038745998454576,9059,0.015264976958525345,0.015841013824884793,-0.000576036866359447,3472,0.008770359763737247,0.008591372829783426,0.00017898693395382138,5587,0.009213323883770375,0.008977084809827545,0.00023623907394283014,4233,0.007547169811320755,0.007547169811320755,0.0,1325,0.00011038745998454576,0.00033116237995363726,-0.00022077491996909152,0.00011038745998454576,0.00033116237995363726,-0.00022077491996909152,0.00022077491996909152,0.0,0.00022077491996909152,0.002207749199690915,0.00022077491996909152,0.0,0.0008830996798763661,0.0034220112595209186,0.0025389115796445524,1,0,1,0.0008122759403022771,0.00023623907394283014,-0.002649299039629098,-0.002649299039629098,0.00016541533436874127,-0.005133182744889455,2023-07-25,-0.001285705775361627,,0.0,0.0037694921254848393,-0.0031377508859216268,,0.0,0.004333148120737999,-0.0018294024224996762,,0.0,0.00480958208067571,0.0051513200257566,,0.0,-0.0011978958756675687,0.0003668842377194491,,0.0,-0.00016495205118116326,-0.00031871811291718163,,0.0,0.00016810804040242778,-0.0004648274306675392,,0.0,0.0006853876641191924,-4.494423811515725e-05,,0.0,0.0021488120522955186,0.00022077491996909152,,0.0,0.0001084336315579352,-0.0001958863858961802,,0.0,0.00020466342823834558,0.00019749732923973534,,0.0,0.0009410045756565221,0.0009718204924751108,,0.0,0.002588137260492996,-0.0023554694607848276,,0.0,0.0017017904779298724,-0.0006904351806672963,,0.0,-0.0018844742152126805,-0.0058698713140740615,,0.0,0.005542907340624467,-0.008915775955526187,,0.0,0.005360223603341659
3m\2023\Q3\MMM_2023-10-24_Q3,3m\2023\Q3\MMM_2023-10-24_Q3.txt,C:\Users\rajaa\OneDrive\Desktop\GardDat\3m\2023\Q3\MMM_2023-10-24_Q3.txt,3m,3M,MMM,MMM,2023-10-24,2023,Q3,MMM_2023-10-24_Q3.txt,1,564,9103,16.140070921985817,0.15277141548327988,2.4657414807522993,0.03163792156431945,0.013402175107107547,0.010436119960452598,0.002966055146654949,9103,0.023972602739726026,0.01643835616438356,0.007534246575342466,2920,0.008410156881772603,0.007601487950832929,0.0008086689309396733,6183,0.008382969335980588,0.0066181336863004635,0.0017648356496801235,4533,0.00851581508515815,0.010340632603406326,-0.0018248175182481751,1644,0.00010985389432055367,0.0008788311545644293,-0.0007689772602438756,0.000329561682961661,0.0005492694716027684,-0.00021970778864110734,0.0007689772602438756,0.0,0.0007689772602438756,0.0016478084148083048,0.0,0.00010985389432055367,0.0010985389432055367,0.0034054707239371635,0.0014281006261671976,0,1,-1,-0.005769410925662343,0.003589653167928299,0.0015379545204877514,-0.0017576623091288585,-0.0032782967009395807,-0.0034980044895806875,2023-10-24,0.0030764426066394947,,-0.1504322106041234,0.003568632880777367,0.008110283441701912,,0.5383431895092685,0.005133422734389116,0.0015285965757372932,,-0.4842765022076722,0.004048395472926813,-0.0018248175182481751,,-0.18825645342529868,-0.0013546262863127203,-0.0005482023402747841,,-1.0951760572234,-0.0003159583534468413,1.0671313279841813e-06,,-0.8399269807679344,7.1154083141544e-05,0.0005482023402747841,,0.18972151268499649,0.0007062850631503633,-0.0005599407848826102,,-1.5703178770556383,0.002023561142923715,-0.00022077491996909152,,-0.8924979890308841,8.132522366845142e-05,0.00010985389432055367,,-0.46320528342406436,0.0001809610447588976,0.00021543926332917064,,0.5488599850422556,0.0009803881675437757,-0.0011108109534773548,,-0.9727652740362226,0.0022981281019115465,0.00418725356011685,,-0.030909306838554515,0.001660831488569342,0.0008916367305002396,,0.16639539118749644,-0.0018527712386917248,-0.003443712035308322,,-1.2537383603776895,0.003337606330233455,0.0016351782553087673,,-0.7461013644131127,0.003145666580111072
3m\2023\Q4\MMM_2024-01-24_Q4,3m\2023\Q4\MMM_2024-01-24_Q4.txt,C:\Users\rajaa\OneDrive\Desktop\GardDat\3m\2023\Q4\MMM_2024-01-24_Q4.txt,3m,3M,MMM,MMM,2024-01-24,2023,Q4,MMM_2024-01-24_Q4.txt,1,677,11103,16.40029542097489,0.16276646139270487,2.669418051467064,0.04007925785823651,0.010357561019544267,0.008286048815635414,0.0020715122039088535,11103,0.016824849007765316,0.011216566005176877,0.0056082830025884385,4636,0.0057213545693520955,0.006185248183083346,-0.000463893613731251,6467,0.006323396567299007,0.005420054200542005,0.0009033423667570009,4428,0.004477611940298508,0.007960199004975124,-0.003482587064676617,2010,0.0,0.0,0.0,0.0006304602359722597,0.00018013149599207422,0.00045032873998018553,0.0007205259839682969,0.0,0.0007205259839682969,0.0006304602359722597,0.0,0.00036026299198414844,0.0005403944879762226,0.002611906691885076,0.0002701972439881113,0,0,0,-0.004704940635831437,0.004385929431433618,0.0025218409438890394,0.00018013149599207428,-0.0008594056923740417,0.001842566747507072,2024-01-24,-0.0008945429427460955,-0.008172033317153129,-0.3297205739487256,0.0015256245514890846,-0.0019259635727540275,-0.005405484206422825,0.09513009211364258,0.0037820516827834095,-0.0008614932829231226,-0.01122352330488479,-0.5716705812225442,0.0012425146467056152,-0.001657769546428442,-0.005040219463430511,-0.7121098773977229,-0.002614681152170348,0.0007689772602438756,-0.00031357792411414236,0.6465120013553497,-0.000394352834475377,0.0006700365286212928,-0.00017682710824809918,0.8795615285778373,2.694730607951919e-05,-4.845127627557872e-05,-0.0004292597377835584,0.03853944951430776,0.0005989701287044737,-0.001017348178836045,-0.0013555332834173086,-1.8670285155591142,0.0016846778220693881,0.0,-0.00010452597470471412,-0.7413996028554779,5.519372999227288e-05,0.00025040909766359476,-5.784090683470805e-05,0.9259808169582393,0.0001665008180502206,-0.0005581444552293141,-0.0007139172084803468,-1.3493767418942466,0.0008019088654236889,-0.0011579033821790862,-0.003388211870676883,-1.4240183695058477,0.0014510751342423256,0.000983886423401288,-0.005526659108373947,0.19281640052716728,0.0002791667114758556,0.0019377938051209328,0.0012253912430392156,1.6931695491855774,-0.0015464234279319211,0.002418891008565539,-0.011287425731435898,-0.6702460719165441,0.0005157498973744805,0.00534057123708776,-0.015588693596770628,-0.13061236796386078,-0.0007515068190815848
3m\2024\Q1\MMM_2024-04-30_Q1,3m\2024\Q1\MMM_2024-04-30_Q1.txt,C:\Users\rajaa\OneDrive\Desktop\GardDat\3m\2024\Q1\MMM_2024-04-30_Q1.txt,3m,3M,MMM,MMM,2024-04-30,2024,Q1,MMM_2024-04-30_Q1.txt,0,208,3897,18.735576923076923,0.24530386740331492,4.595909477263069,0.05183474467539133,0.025917372337695664,0.007441621760328458,0.018475750577367205,3897,0.025917372337695664,0.007441621760328458,0.018475750577367205,3897,0.0,0.0,0.0,0,0.0,0.0,0.0,0,0.0,0.0,0.0,0,0.0007698229407236335,0.0,0.0007698229407236335,0.00025660764690787786,0.0,0.00025660764690787786,0.0005132152938157557,0.0,0.0005132152938157557,0.0,0.0,0.0,0.0,0.0033358994098024123,0.00025660764690787786,0,0,0,-0.018475750577367205,0.0,0.01950218116499872,0.00025660764690787786,-0.018475750577367205,0.0012830382345393916,2024-04-30,0.016404238373458353,0.017300432261990125,1.9299647541451233,0.005850732616986615,0.012867467574778767,0.015914036557805024,1.7988311218196276,0.0077605608222346655,-0.0009033423667570009,-0.0020656414964425065,-0.6760368446297231,0.0007261042725949887,0.003482587064676617,0.0051513200257566,0.6504000569036558,-0.001326851145731198,0.0007698229407236335,0.0013574820984121742,1.6320918750208524,-5.498230987233338e-05,-0.00019372109307230767,0.00015866445395978777,0.28774302259562345,6.661341956946613e-05,-0.00020731069015254117,-0.00017238705682087502,-0.5840087168607968,0.0005558733644992549,-0.0006304602359722597,-0.0022526934378060723,-1.7138998819986633,0.00112150446261787,0.0,0.0,-0.6477799922472782,5.5193729992272886e-05,-0.00036026299198414844,-0.0001958863858961802,-1.109384280242752,0.00011752922157617553,-0.0005403944879762226,-0.0006856023506366307,-1.818071902389328,0.0006305082777645313,-1.3589597080233449e-05,-0.0013104834402615638,-1.13084598025206,0.0011234542741769347,0.01698034022110968,0.01979601074384299,2.0038022765595542,0.005228169397436603,7.647615091580358e-05,0.0022154715058696796,1.3110006788276112,-0.000992555551464501,-0.017616344884993165,-0.02451103722581001,-1.9300267308579406,-0.005612009409078022,-0.0005595285129676804,-0.0024995549760973394,-0.18261549821551465,-0.0013763955631059196
3m\2024\Q2\MMM_2024-07-26_Q2,3m\2024\Q2\MMM_2024-07-26_Q2.txt,C:\Users\rajaa\OneDrive\Desktop\GardDat\3m\2024\Q2\MMM_2024-07-26_Q2.txt,3m,3M,MMM,MMM,2024-07-26,2024,Q2,MMM_2024-07-26_Q2.txt,1,735,11612,15.798639455782313,0.13612565445026178,2.150600135342095,0.02230451257320014,0.011109197382018602,0.004564243885635549,0.006544953496383052,11612,0.018146824305746493,0.008523508386032445,0.00962331591971405,3637,0.007899686520376176,0.002758620689655172,0.0051410658307210035,7975,0.007782101167315175,0.002476123098691192,0.005305978068623983,5654,0.008203799654576857,0.0034542314335060447,0.004749568221070812,2316,0.0,0.0,0.0,0.0005167068549776093,0.0001722356183258698,0.0003444712366517396,0.0012056493282810886,8.61178091629349e-05,0.0011195315191181536,0.0006889424733034792,0.0,8.61178091629349e-05,0.0006889424733034792,0.0018084739924216328,0.0006028246641405443,0,0,0,-0.004317337851090067,0.0005564098475531708,0.007061660351360662,-0.0002583534274888047,-0.004449870476840376,0.002353436447031481,2024-07-26,-0.011930797080984153,0.006655340956367598,0.10443307518057848,0.007514567856078515,-0.008852434657653155,0.010199352786073496,0.3269785137055575,0.01031039901875304,0.005305978068623983,0.005069738994681152,0.5269344166311919,0.0019935390212652768,0.004749568221070812,0.004749568221070812,1.759820454229388,-0.00013945909046349497,-0.0007698229407236335,0.00022077491996909152,0.14573570066877425,2.114201199394968e-07,8.786358974386175e-05,0.0005652461566208311,0.5111277029076862,0.0002079249587246739,0.0006063162253023979,0.0008987565991490621,1.2587161769713204,0.0007805625142865205,0.0006889424733034792,-0.0015188067263874358,-0.7903198323959525,0.000741802781021011,0.0,-0.00022077491996909152,-0.5825220312458618,0.0,8.61178091629349e-05,8.61178091629349e-05,-0.525063527131609,0.00013905867386690925,0.0006889424733034792,-0.00019415720657288687,-0.12368572880102688,0.0005819689761213096,0.0003462170172326664,-0.0019360869155040082,-0.7441577776589172,0.0006394325453009328,-0.012440520813638058,0.00971095939098976,0.28577442616266346,0.007655909245184044,-0.0005149610743966826,0.0023909456121402935,0.737403148093277,-0.00039481914842942774,0.01402588010052683,-0.0046152858112091175,-0.3493426150452476,-0.0067658308618803,0.0010703982124920892,0.007486619191920936,-0.033507675162639285,0.0004952592348743143
3m\2024\Q3\MMM_2024-10-22_Q3,3m\2024\Q3\MMM_2024-10-22_Q3.txt,C:\Users\rajaa\OneDrive\Desktop\GardDat\3m\2024\Q3\MMM_2024-10-22_Q3.txt,3m,3M,MMM,MMM,2024-10-22,2024,Q3,MMM_2024-10-22_Q3.txt,1,768,12173,15.850260416666666,0.12294321154332968,1.9486819194231149,0.02185163887291547,0.011747309619650046,0.002628768586215395,0.00911854103343465,12173,0.027317510076130765,0.005373936408419167,0.0219435736677116,2233,0.008249496981891348,0.002012072434607646,0.006237424547283702,9940,0.007647440051847051,0.0018146467919637071,0.005832793259883344,7715,0.010337078651685393,0.002696629213483146,0.007640449438202248,2225,0.0,0.0,0.0,0.00032859607327692436,0.00024644705495769324,8.214901831923109e-05,0.0010679372381500042,0.0,0.0010679372381500042,0.0011500862564692352,8.214901831923109e-05,0.0,0.00024644705495769324,0.0013143842931076974,0.0008214901831923108,1,1,0,-0.016110780407828255,-0.0018076561783189034,0.009364988088392343,-0.0011500862564692352,-0.01816488364110485,-0.00994998180918174,2024-10-22,0.002573587537051598,0.006152485886779701,0.48498803483477554,0.00905268932777344,0.012320257747997549,0.014409327092369133,1.742669811653692,0.013912730791845324,0.0005268151912593616,0.004067957610203221,0.6001630279897077,0.0030105284238160822,0.0028908812171314358,0.009465266956450422,1.831128843741333,0.0022268576486491106,0.0,0.0007689772602438756,0.13614266503788514,0.0001924557351809084,-0.0002623222183325085,0.0003018568069603384,-0.33563311532106355,0.0002833891604647585,-5.159428096814943e-05,0.0002989599779061286,0.949654767860277,0.0008553025087630526,0.000461143783165756,-0.0004977221583390696,-0.21873351008631695,0.0006173722414362435,8.214901831923109e-05,8.214901831923109e-05,0.41320073276990155,2.0537254579807772e-05,-8.61178091629349e-05,-0.00010985389432055367,-0.9460025357916915,0.00011159520028677084,-0.00044249541834578596,-0.0008520918882478435,-1.098361230518118,0.00036894600405934876,0.00021866551905176657,-0.0006066104429748867,-0.5116496744244495,0.00048777993455721106,0.0023033277370316813,0.007827033567904592,0.5682785232475563,0.009612667637160191,-0.0008917328289804305,0.0006075760526596233,-0.10392944263632786,-0.00024292513526452192,-0.013715013164264473,-0.014886586940165269,-1.5113256955352687,-0.010487477596921618,-0.01230341825621322,-0.006451977319601053,-1.4488787560782295,-0.001117735095025949
3m\2024\Q4\MMM_2025-01-21_Q4,3m\2024\Q4\MMM_2025-01-21_Q4.txt,C:\Users\rajaa\OneDrive\Desktop\GardDat\3m\2024\Q4\MMM_2025-01-21_Q4.txt,3m,3M,MMM,MMM,2025-01-21,2024,Q4,MMM_2025-01-21_Q4.txt,0,143,2706,18.923076923076923,0.1907765076862436,3.6100785300627636,0.050628233555062824,0.03288987435328899,0.006282335550628234,0.026607538802660754,2706,0.03288987435328899,0.006282335550628234,0.026607538802660754,2706,0.0,0.0,0.0,0,0.0,0.0,0.0,0,0.0,0.0,0.0,0,0.0011086474501108647,0.0,0.0011086474501108647,0.0011086474501108647,0.0,0.0011086474501108647,0.0007390983000739098,0.0,0.0007390983000739098,0.0003695491500369549,0.0,0.0,0.0,0.004434589800443459,0.0003695491500369549,0,0,0,-0.026607538802660754,0.0,0.028085735402808575,0.0007390983000739098,-0.026607538802660754,0.002217294900221732,2025-01-21,0.017488997769226106,0.0245360265987519,2.0547778957005014,0.015186695977461416,0.004663965134949155,0.020999255800072315,1.6592531670012447,0.0191625447418634,-0.005832793259883344,-0.0009033423667570009,-0.92400888244182,0.002784692832126832,-0.007640449438202248,0.003482587064676617,-0.06170218757938582,0.003097504414818265,0.0011086474501108647,0.0011086474501108647,1.8117026335493833,0.0004696175977086246,0.0010264984317916337,0.0006583187101306793,2.1791085966455648,0.0004479688379974283,-0.00032883893807609437,1.8572316105612942e-05,0.03593083924809325,0.0008599455877894558,-0.0007805371064322803,-0.00026091108593530483,-0.9483164355936587,0.0005521444699524173,-8.214901831923109e-05,0.0,-0.5104641500248972,2.0537254579807772e-05,0.0,-0.00036026299198414844,-0.7776278884426697,2.1529452290733725e-05,-0.00024644705495769324,-0.0005403944879762226,-1.3727807343067306,0.0002338473820652931,-0.00045194103315535593,9.935190604884361e-05,-0.8125414263127769,0.000512617911069422,0.018720747314416232,0.025563894458919535,2.004121322851276,0.016003641251890077,0.001889184556543145,0.0005589668040818356,1.3626923367595938,-0.00010318343424406304,-0.008442655161555904,-0.025748133110286713,-1.7269098943065793,-0.016924510874493297,0.012167276709403473,0.0003747281527146601,0.6919696664807093,-0.001024053056847284
3m\2025\Q2\MMM_2025-07-18_Q2,3m\2025\Q2\MMM_2025-07-18_Q2.txt,C:\Users\rajaa\OneDrive\Desktop\GardDat\3m\2025\Q2\MMM_2025-07-18_Q2.txt,3m,3M,MMM,MMM,2025-07-18,2025,Q2,MMM_2025-07-18_Q2.txt,0,202,3671,18.173267326732674,0.18547008547008548,3.370597444359821,0.034323072732225554,0.025333696540452193,0.005175701443748297,0.020157995096703896,3671,0.025333696540452193,0.005175701443748297,0.020157995096703896,3671,0.0,0.0,0.0,0,0.0,0.0,0.0,0,0.0,0.0,0.0,0,0.001089621356578589,0.00027240533914464724,0.0008172160174339417,0.0005448106782892945,0.0,0.0005448106782892945,0.001362026695723236,0.0,0.001362026695723236,0.0,0.0,0.0008172160174339417,0.001089621356578589,0.007082538817760828,0.00490329610460365,0,0,0,-0.020157995096703896,0.0,0.017433941705257423,0.001362026695723236,-0.021247616453282485,-0.0024516480523018268,2025-07-18,-0.0064495437059568575,0.0016822445193366911,1.027372297435048,0.015607257107295588,-0.0064495437059568575,0.0016822445193366911,0.7350111138588005,0.019583105871697575,0.0,0.0,-0.7706275384981315,0.002784692832126832,0.0,0.0,-0.26377349724650107,0.003097504414818265,-0.000291431432676923,4.73930767103082e-05,1.0271842134020506,0.00048146586688620164,-0.0005638367718215703,0.0002882030313814166,0.617103992922648,0.0005200195958427825,0.0006229283956493263,0.0008488114019074804,1.618714318504857,0.001072148438266326,-0.0003695491500369549,0.0,-1.1389565269551527,0.0005521444699524173,0.0,0.0,-0.5104641500248972,2.0537254579807772e-05,0.0008172160174339417,0.0008172160174339417,2.3947326519401857,0.00022583345664921916,0.001089621356578589,0.001089621356578589,1.2385593770943302,0.0005062527212099403,0.004533746954566695,0.004646688457695772,2.32425512881739,0.001674290025493365,-0.010651793697551152,-0.0020682394597412966,0.7221559655809086,0.015486581386954752,0.0006229283956493263,0.0011054190488153583,1.4086958214207008,0.00017317132795977654,0.005359922349378269,-0.0027718658759152796,-0.9737908494404016,-0.017617477343472115,-0.004668942952523559,-0.0037346862868412184,-0.1896903976866581,-0.001957724628557589
3m\2024\Q3\MMM_2025-12-11_Q3,3m\2024\Q3\MMM_2025-12-11_Q3.txt,C:\Users\rajaa\OneDrive\Desktop\GardDat\3m\2024\Q3\MMM_2025-12-11_Q3.txt,3m,3M,MMM,MMM,2025-12-11,2024,Q3,MMM_2025-12-11_Q3.txt,0,664,11487,17.299698795180724,0.1292645602664506,2.2362379575010816,0.0256812048402542,0.013145294680943675,0.002698702881518238,0.010446591799425437,11487,0.013145294680943675,0.002698702881518238,0.010446591799425437,11487,0.0,0.0,0.0,0,0.0,0.0,0.0,0,0.0,0.0,0.0,0,8.705493166187865e-05,0.0,8.705493166187865e-05,0.0005223295899712719,0.00026116479498563595,0.00026116479498563595,0.001218769043266301,0.0,0.001218769043266301,0.0013058239749281796,8.705493166187865e-05,0.0,0.0003482197266475146,0.0013928789065900584,0.0010446591799425438,1,1,0,-0.010446591799425437,0.0,0.010707756594411075,-0.0011317141116044223,-0.010794811526072952,-0.0012187690432663,2025-12-11,-0.00971140329727846,0.0039016383030423853,-0.19454073577663125,0.016582666683056184,-0.00971140329727846,0.0008232758797113871,-0.6389469679000805,0.01978892484162542,0.0,-0.005305978068623983,-0.7507629946185687,0.001458198314970836,0.0,-0.004749568221070812,-0.26377349724650107,0.001910112359550562,-0.0007301610857720631,8.705493166187865e-05,-0.28987187646174767,0.0005032295998016712,-0.00028364588330365853,-8.330644166610365e-05,-0.25669788623456036,0.0004991929854262565,-0.00014325765245693498,9.923752414814748e-05,1.018778186692326,0.0010969578193033628,0.0013058239749281796,0.0006168815016247004,1.0288922524169584,0.0007063648453585925,8.705493166187865e-05,8.705493166187865e-05,1.7980023872396498,4.2300987495277435e-05,-0.0008172160174339417,-8.61178091629349e-05,-0.6368843104930708,0.00020430400435848543,-0.0007414016299310744,-0.0003407227466559646,-0.37590250316884066,0.0004210720345459492,-0.0038586369246611063,0.0004418345158019995,-0.11576817310153602,0.0017847486544438646,-0.006726185110846349,0.003646096243050413,-0.15536117205074873,0.016398105447717352,-0.002493740807327658,-0.0008733606841156177,-0.9190968933339028,-4.516884306912791e-05,0.010452804927209533,-0.006344941049232576,0.24683553080200682,-0.019203712605780257,0.0012328790090355268,-0.003572205490297781,-0.01045330418218175,-0.002850776001132034
3m\2025\Q4\MMM_2026-01-20_Q4,3m\2025\Q4\MMM_2026-01-20_Q4.txt,C:\Users\rajaa\OneDrive\Desktop\GardDat\3m\2025\Q4\MMM_2026-01-20_Q4.txt,3m,3M,MMM,MMM,2026-01-20,2025,Q4,MMM_2026-01-20_Q4.txt,0,664,10384,15.63855421686747,0.1414141414141414,2.211512717536814,0.028794298921417567,0.019645608628659477,0.004333590138674884,0.015312018489984591,10384,0.019645608628659477,0.004333590138674884,0.015312018489984591,10384,0.0,0.0,0.0,0,0.0,0.0,0.0,0,0.0,0.0,0.0,0,0.0004815100154083205,0.0,0.0004815100154083205,0.0006741140215716487,0.0005778120184899846,9.63020030816641e-05,0.0006741140215716487,0.0,0.0006741140215716487,0.0004815100154083205,0.0,0.0002889060092449923,0.0,0.0024075500770416023,0.0011556240369799693,0,0,0,-0.015312018489984591,0.0,0.015312018489984591,-9.630200308166409e-05,-0.015312018489984591,-9.630200308166463e-05,2026-01-20,0.004865426690559154,0.006193477456549941,0.22894391279698,0.01813103604719367,0.004865426690559154,-0.0066315551777270075,-0.10713433272267789,0.01813103604719367,0.0,-0.005832793259883344,-0.6356339177730498,0.0,0.0,-0.007640449438202248,-0.34537278187574355,0.0,0.00039445508374644185,0.0004815100154083205,0.1758307834914138,0.0006236071036537514,-0.00016486279190397186,1.4152984762433012e-05,-0.9618741162282357,0.0005027312316168649,-0.0005446550216946524,-0.00039382321657835547,-0.89067337955876,0.000998502015158774,-0.0008243139595198591,-0.0006685762410609147,-0.2168961619700532,0.0005392207850933638,-8.705493166187865e-05,-8.214901831923109e-05,-0.5770269719777837,2.1763732915469663e-05,0.0002889060092449923,0.0002889060092449923,0.35006315419946826,0.0002765305066697335,-0.0003482197266475146,-0.00024644705495769324,-0.9936375765385547,0.0003594602708065259,0.00011096485703742547,0.00033413385378765843,-0.015517486075034875,0.0018682821178907794,0.0046042618955735165,0.005947030401592248,0.20753608738277546,0.017884863048115415,0.0010354121085227584,0.0010537842533875712,-0.1043834073168502,0.00021827722027776487,-0.004517206963911639,0.0028528651511202582,-0.10180895554524717,-0.018490496318000194,0.0011224670401846354,0.009853679806100076,0.1712540537143466,-0.0003873560496070146
1-800-flowers-flws\2025\Q4\UNKNOWN_2025-12-11_Q4,1-800-flowers-flws\2025\Q4\UNKNOWN_2025-12-11_Q4.txt,C:\Users\rajaa\OneDrive\Desktop\GardDat\1-800-flowers-flws\2025\Q4\UNKNOWN_2025-12-11_Q4.txt,1-800-flowers-flws,1 800 Flowers Flws,UNKNOWN,UNKNOWN,2025-12-11,2025,Q4,UNKNOWN_2025-12-11_Q4.txt,0,463,8074,17.43844492440605,0.13388640714741545,2.3347707371668087,0.022293782511766162,0.007678969531830567,0.003096358682189745,0.004582610849640822,8074,0.007678969531830567,0.003096358682189745,0.004582610849640822,8074,0.0,0.0,0.0,0,0.0,0.0,0.0,0,0.0,0.0,0.0,0,0.0,0.0,0.0,0.0,0.0,0.0,0.00024770869457517957,0.0,0.00024770869457517957,0.00024770869457517957,0.00012385434728758978,0.0004954173891503591,0.00024770869457517957,0.0007431260837255387,0.0004954173891503591,0,0,0,-0.004582610849640822,0.0,0.0043349021550656425,0.00012385434728758976,-0.004830319544216002,-0.00037156304186276943,2025-12-11,,,0.0,,,,0.0,,,,0.0,,,,0.0,,,,0.0,,,,0.0,,,,0.0,,,,0.0,,,,0.0,,,,0.0,,,,0.0,,,,0.0,,,,0.0,,,,0.0,,,,0.0,,,,0.0,
