call_month,n_transcripts,n_companies,share_guidance_raised,share_guidance_lowered,share_positive_composite,share_negative_qna_gap,ew_overall_net_tone,tw_overall_net_tone,ew_prepared_net_tone,tw_prepared_net_tone,ew_qa_net_tone,tw_qa_net_tone,ew_management_qa_net_tone,tw_management_qa_net_tone,ew_analyst_question_net_tone,tw_analyst_question_net_tone,ew_demand_net,tw_demand_net,ew_pricing_power_net,tw_pricing_power_net,ew_capex_net,tw_capex_net,ew_supply_chain_pressure_density,tw_supply_chain_pressure_density,ew_labor_pressure_density,tw_labor_pressure_density,ew_automation_density,tw_automation_density,ew_uncertainty_density,tw_uncertainty_density,ew_macro_risk_density,tw_macro_risk_density,ew_growth_signal,tw_growth_signal,ew_margin_signal,tw_margin_signal,ew_credibility_signal,tw_credibility_signal,ew_composite_signal,tw_composite_signal,ew_qna_reality_gap,tw_qna_reality_gap,ew_analyst_management_gap,tw_analyst_management_gap,ew_complexity_score,tw_complexity_score,ew_numeric_token_share,tw_numeric_token_share,ew_composite_signal_rolling_mean4,ew_composite_signal_rolling_z8,ew_growth_signal_rolling_mean4,ew_growth_signal_rolling_z8,ew_margin_signal_rolling_mean4,ew_margin_signal_rolling_z8,ew_macro_risk_density_rolling_mean4,ew_macro_risk_density_rolling_z8
2022-08,355,355,0.09014084507042254,0.07323943661971831,0.5605633802816902,0.8028169014084507,0.007721269108711607,0.007636559821572539,0.01000920426778798,0.010682020733176473,0.003993889900845783,0.004782424624973419,0.004365611532303805,0.005221479795187094,0.0028635770366470933,0.0035269865808103887,0.00013502795017453535,0.00013955442698495305,3.0758520902751196e-05,1.2640799545734343e-05,0.0007195387961627009,0.0007801901479630462,0.0005960330671720939,0.0006138372259411144,7.193561513738871e-05,7.584479727443317e-05,0.00022286688150778263,0.0002386582954235552,0.0006359672066171064,0.0006123203299956154,0.0006357262905165576,0.0006638947921422437,0.007940109564532309,0.007892409604378323,-0.00041434327989894903,-0.00043838292824625814,-0.004777525446444579,-0.004378368053608295,0.002748240838188781,0.003075658622523769,-0.005643592735484149,-0.005460540937989343,0.001502034495656711,0.0016944932143767028,3.034205569616167,2.8328270900266204,0.024463395847504347,0.022427812186034093,,0.0,,0.0,,0.0,,0.0
2022-09,93,93,0.16129032258064516,0.0967741935483871,0.4946236559139785,0.8172043010752689,0.008331407738361165,0.007762213824996094,0.010842420760565786,0.010850941472528922,0.00415981967063383,0.004859935838786767,0.004232247276846928,0.005019800642697081,0.0038177232504667726,0.00433477368212846,0.00019388728969459788,0.00016443946278632478,-2.616082125246806e-06,-6.7118148076094706e-06,0.0006957887582731022,0.000706418508500471,0.0009280515395456517,0.0008238752676335812,6.647231493048976e-05,6.544019437414704e-05,0.0005770546504053807,0.0005369451846084446,0.0006377390057168877,0.0005117758790799038,0.000864160569100628,0.0009178406749400604,0.008356923217228265,0.007715231121342861,-0.00042008528619601497,-0.00035908209220690123,-0.006833388463055598,-0.005657889748343121,0.0011034494679766549,0.0016982592807928362,-0.006610173483718837,-0.005831140829831809,0.000414524026380164,0.0006850269605686336,3.052790131104453,2.740198825585169,0.023545021818060823,0.021519756226886143,0.0019258451530827178,0.0,0.008148516390880288,0.0,-0.000417214283047482,0.0,0.0007499434298085929,0.0
2022-10,151,151,0.13245033112582782,0.09271523178807947,0.4966887417218543,0.9006622516556292,0.008577774009181227,0.007916143769016124,0.012454631122527452,0.01271257933556518,0.0038251896175953305,0.004567414959432925,0.004270224940563527,0.005126335333890162,0.002644785660700946,0.003085748004926714,0.00015322294202215942,0.00013542672962502957,0.00011689700525207639,8.667310696002348e-05,0.0008917434910406232,0.0009037477090311132,0.000667397427673046,0.0007024133043218879,5.9895509832107814e-05,6.319914049167849e-05,0.0002705111154908625,0.00019682018038838877,0.0007181781956234174,0.0006428255432868551,0.0011151937477522505,0.0011439044428995298,0.008507546694491781,0.007811413764772756,-0.0003398848167622196,-0.00048211915746515635,-0.007277145097724772,-0.006188482215998428,0.0008905167800047855,0.0011408123913091673,-0.008184406181963897,-0.007586244001674981,0.001625439279862575,0.0020405873289634415,2.793027237562375,2.5710921131234334,0.022689790561102458,0.021917461922517815,0.0015807356953900736,0.0,0.008268193158750785,0.0,-0.00039143779428572786,0.0,0.000871693535789812,0.0
2022-11,296,296,0.15202702702702703,0.0777027027027027,0.5641891891891891,0.8175675675675675,0.008464813408478381,0.007837581865061111,0.01090116505949655,0.011077354125149987,0.003913774218830573,0.004667061658023481,0.004298672452947735,0.00521554717654987,0.0027377794498087754,0.003199953257878113,0.0001166212341329811,0.000105173630395162,-1.1600592955414203e-05,-3.273260945972446e-05,0.0009199269387955132,0.0009315378692144007,0.000524397886997626,0.0005065505463930807,4.124507847058529e-05,4.561101318157565e-05,0.00023468710299028573,0.0002452262708703739,0.0006017809332149203,0.0005838209687242163,0.0006963698846069094,0.0006390907846971968,0.008804991696799984,0.008235202579973499,-0.0003425564554333432,-0.00033966789816401293,-0.005643380536624794,-0.0044300339986525945,0.0028190547047418457,0.003465500683156889,-0.0066024926065487936,-0.005861806948600089,0.0015608930031389531,0.002015593918671747,2.9451234648957056,2.6986324665333306,0.02400497633589337,0.022031192567014597,0.0018903154477280166,1.035558833754705,0.008402392793263085,1.2911431839202798,-0.0003792174595726317,0.9631730327493249,0.0008278626229940864,-0.7077192156908282
2022-12,55,55,0.14545454545454545,0.09090909090909091,0.5454545454545454,0.8,0.00785779017612751,0.007273250377616294,0.009933510779736154,0.009950648830196489,0.004334289737002063,0.005044961841238671,0.004885145526085213,0.00560051894422673,0.0026054107494172096,0.003352667929304933,0.0001220689501357309,8.918938358626186e-05,-0.0002710061668579899,-0.0002934618427677423,0.0006576349621729799,0.0006415881464431723,0.0007648420452114891,0.0007135150686901767,3.7408010291524826e-05,3.4524922678549365e-05,0.0005477119841282654,0.0004804718406099196,0.0005493206590933437,0.000463209379270616,0.0008453683668350253,0.0007480399913687273,0.0077921257216012115,0.00725598791627702,-0.0005255442382327534,-0.0005610299935265617,-0.0033179511360762926,-0.0025654882503185913,0.003948630347292173,0.00412946967243187,-0.005048365253650919,-0.004350129885969735,0.002279734776668006,0.0022478510149217955,2.8435774701550804,2.5456162998205514,0.02301665465459729,0.021350787599798568,0.002190412825003865,1.4325021932637783,0.00836539683253031,-1.3172302548926427,-0.00040701769915608277,-1.7288235502315472,0.0008802731420737033,0.08419757573234081
2023-01,82,82,0.04878048780487805,0.0975609756097561,0.5487804878048781,0.926829268292683,0.009228757797359467,0.00840664012117552,0.012948981445206079,0.013234901687835228,0.0036659637781143086,0.004743791438114038,0.003993734856652816,0.005173058334167146,0.0027388795535583477,0.003544384400640484,0.00014026930672034974,6.133746338919508e-05,0.0001746816158201844,6.47451002441489e-05,0.0009990434973456233,0.0010393292407614274,0.000529673432106533,0.0005792982653424205,2.9270637929561483e-05,3.578018697703069e-05,0.0003519737952342699,0.00025386894569417534,0.000685142877931755,0.0006576739130063923,0.0009095486639620036,0.0010103643274943118,0.009458521937463452,0.008496942497831844,-3.22886589816391e-05,-0.0002964644063811251,-0.008385534163390577,-0.007090843333147838,0.0010406991150912375,0.0011096347583028805,-0.008955246588553236,-0.008061843353668045,0.0012548553030944597,0.0016286739335266516,2.812148355385452,2.5645420838585182,0.02659483739238467,0.024672994648306277,0.0021747252367825104,-0.9141223567819049,0.008640796512589106,1.7712154101799753,-0.0003100685423524888,2.046037509122156,0.0008916201657890472,0.4214134052866187
2023-02,283,283,0.04946996466431095,0.045936395759717315,0.6254416961130742,0.8551236749116607,0.009066991759575609,0.008859127945285893,0.01227868230073316,0.012795205552528425,0.004483007118138978,0.005412914163156439,0.004850990134585359,0.005858722602892031,0.003580648773975119,0.00430846871628315,0.00012715291933680157,0.00013543585235562629,7.509428703437299e-05,8.318906287012553e-05,0.0009788051769556204,0.00101450076670891,0.0003448836516279395,0.00038297403943260286,3.8272601094011895e-05,3.500027645145222e-05,0.0005282507810573355,0.0004712356061362857,0.0005922090902343955,0.0005650769270568452,0.0005828815320694637,0.0005635551759067889,0.009590068323798598,0.009445509388443673,0.00022018881536975483,0.00013645035312235466,-0.006749559895771975,-0.005951305990084374,0.0030606972433963797,0.0036306537514816553,-0.007427692166147777,-0.0069364829496363625,0.0012703413606102323,0.0015502538866088709,2.80363414321914,2.597524143376954,0.02694270005134209,0.02482939901481826,0.002717270352630409,0.7433828103368924,0.00891142691991581,1.4810961539554224,-0.00017005013431949518,1.9913703958234223,0.0007585421118683505,-1.3193952732007408
2023-03,113,113,0.035398230088495575,0.05309734513274336,0.584070796460177,0.8584070796460177,0.008218112073979902,0.007926131609701232,0.009992219128070662,0.010324146485427262,0.003738471412999038,0.004689407630927752,0.0037341395599177415,0.004833810133142014,0.003593501194624419,0.004329056378990817,7.388559472758956e-05,7.210521375113299e-05,-0.00018446452248247576,-0.00020407135967304756,0.0007456605107337283,0.0007849944968756218,0.0005171359503990902,0.0004013403406903019,2.793541546815752e-05,3.26514175476823e-05,0.0006818451482493857,0.0006815983413079617,0.00049953902585197,0.0005020155447956624,0.0005856182199385742,0.0005890859915895036,0.008452039959502671,0.008194145328738509,-4.769074010034512e-05,4.353522339692097e-05,-0.006616980228711572,-0.0054875981429297165,0.0017873689906907496,0.002750082409205709,-0.006258079568152897,-0.005490336352285221,0.00014063836529332923,0.000504753754151204,3.14273718738289,2.811415972039784,0.025862830586066414,0.024559307898786,0.002459348924117635,-0.36717196436460303,0.008823188985591483,-0.2653666414892427,-9.633370548624568e-05,0.7955520473697745,0.0007308541957012667,-1.10722395898485
2023-04,53,53,0.16981132075471697,0.07547169811320754,0.49056603773584906,0.8867924528301887,0.008242289904761781,0.007892925430210281,0.012102400425470495,0.012634244904305305,0.0038578013516919795,0.004511669512209843,0.004245974765910438,0.004924703325552967,0.003064180767109509,0.003665141540123092,0.00010198534575431886,0.0001121733588272586,6.383210207956679e-05,7.393244104524561e-05,0.000867223119634332,0.0008999362651369865,0.0003248768526728056,0.00031867431485019715,6.17573220448434e-05,7.648183556404164e-05,0.00037915013236631504,0.0004231994901210861,0.000552736349214361,0.000548119821542337,0.0006544555028042553,0.000675589547482433,0.008557042867346189,0.00822944550669211,5.634805972821866e-05,0.00010197578075207695,-0.007227368009973522,-0.0069980996148648255,0.0013860229171008946,0.0013333216725793723,-0.007856425659560032,-0.007709541578752305,0.0011817939988009224,0.001259561785429872,2.7903594170630748,2.6559113060360855,0.023582398130912452,0.02159592096876987,0.0018186970665698156,-0.5841281336316594,0.009014418272027726,-0.24064506374331565,4.913936900399733e-05,0.9562266055388092,0.0006831259796935741,-0.7348490776224389
2023-05,296,296,0.15878378378378377,0.07432432432432433,0.652027027027027,0.8344594594594594,0.00915072864262455,0.008618170471374252,0.011642420970284981,0.01195053860135176,0.0042268345630213314,0.005349487385492393,0.0045522967180773284,0.005733303499337938,0.003445957537927046,0.004397872852799743,0.00013619936931752265,9.850910053484972e-05,-1.622701501790763e-05,-4.292575330570083e-05,0.0008182033056898316,0.000866219688502069,0.0002819260123411907,0.00030653390501628533,5.2043144293482425e-05,5.228136620564903e-05,0.001029519234697174,0.001092405388612868,0.0005029391253892722,0.0005101560681330344,0.0003982516920431311,0.0004132979581099367,0.009706879625588803,0.009169601302301267,0.0006793230630445892,0.0006906643640852273,-0.006486724197446665,-0.005391960523608677,0.003899478491186738,0.004468305142777833,-0.007090124252207633,-0.006217235102013792,0.0011063391801502767,0.0013354306465381903,2.9094335857323004,2.6898482718295718,0.02235802348095643,0.020373773245258443,0.0025333919105936906,1.331835536805978,0.009076507694059065,1.3551624812688206,0.0002270422995105544,2.0269773883505326,0.0005553017367138561,-1.5482544554740856
2023-06,50,50,0.08,0.06,0.64,0.84,0.008277774022618438,0.007708935272695824,0.010953315346683052,0.011198962956496295,0.0034826327265024977,0.004614421936267469,0.0036498996265248895,0.004790799946191913,0.002783720508741852,0.003691439762269701,0.00017514462209986388,0.00015726227956297124,-0.00026166707370797927,-0.00025285307694442245,0.000599406298965386,0.000564294061961292,0.0004716148692825299,0.00047487041279803443,2.665773611322515e-05,3.083574109078006e-05,0.001489783978907678,0.0014307783866123226,0.00046756881297657996,0.00039469748596198583,0.0003466392778140516,0.0003576945966530622,0.008705685665869671,0.008072797017567072,0.0007298442998039419,0.0006722191557790865,-0.0069048054153517105,-0.0057035003123441595,0.0025307245503219124,0.003041515861002008,-0.007303415720158128,-0.00640816301030434,0.0008661791177830432,0.0010993601839222162,2.935656869744503,2.6861234322341234,0.020838866949274018,0.019512856962247752,0.0024008987373250737,-0.02780156099650652,0.008855412029576834,-0.28882370703480476,0.00035445617061910116,1.5382398384724172,0.000496241173150003,-1.5348591070790532
2023-07,132,132,0.3181818181818182,0.10606060606060606,0.5454545454545454,0.9242424242424242,0.010342281584498823,0.009469128878055368,0.014374993978041033,0.014873081291931305,0.0044939612182036265,0.00566144045403377,0.004798135760551023,0.0060467655104096555,0.003466255574398332,0.004474807735526582,0.00017086135479645612,0.0001706048891123791,7.809401447470938e-05,0.00011485165737631289,0.0008193245782888067,0.0008775558675258137,0.0004417599612348389,0.0003835822343441828,2.9603524301769383e-05,4.125739148468925e-05,0.0007641388757757201,0.0006188608722704334,0.0004572496467662397,0.0004705572758524554,0.0006420826560286766,0.0006634634576592877,0.010690384861555434,0.009853826177034307,0.00037086940471381375,0.0003088729038178626,-0.008702227678103573,-0.007724915282491047,0.0023590265881656847,0.0024377837983611283,-0.009576858217489985,-0.008826315781521614,0.0013318801861526828,0.0015719577748830615,2.7319576732948696,2.522180196142793,0.022478922861641968,0.02145941889521621,0.002543813136693808,-0.1402030141475697,0.009414998255090025,1.8384138233121132,0.0004590962068226409,0.4893225146006288,0.0005103572821725286,0.11850528464332905
2023-08,320,320,0.20625,0.078125,0.6875,0.88125,0.008974338649551295,0.008613620767818653,0.011904504494504189,0.01230147379791346,0.004364424303902589,0.005391231029394415,0.004668739631941088,0.005748972142194936,0.003571168664716175,0.004484574227601287,0.00013759712413402672,0.00013228856744361384,-9.599108503591128e-06,-4.954627994211716e-07,0.0007705942191190678,0.000752112529510955,0.00027794883135686516,0.00028736842366030544,2.8324224088730745e-05,3.270054476134271e-05,0.0012081602809194331,0.0012094246933704305,0.00042987961978076884,0.00046573503144946076,0.0003419814458530886,0.0003339419268052514,0.009540548546951334,0.009164079937968011,0.0008922881169702452,0.0008888602621493597,-0.006568073515118978,-0.005753838772574358,0.003864763148802607,0.004299101427543016,-0.007235764862563085,-0.006552501655718501,0.0010975709672249078,0.0012643979145936426,2.9240040627760324,2.7068749368441893,0.02284845238466478,0.020892675325704806,0.0031634981946192355,1.3707531613521802,0.009660874674991311,0.29139747093174756,0.0006680812211331474,1.545400500394973,0.000432238767934737,-1.2006615463842008
2023-09,28,28,0.2857142857142857,0.0,0.7857142857142857,0.8214285714285714,0.008420502503353381,0.00782840945139731,0.010328244893306094,0.010192337434721022,0.004620136949241058,0.0052946392550048405,0.004894737785865908,0.00562791530443223,0.003833632844110278,0.004397043402683571,0.0001009851865000842,8.698232723773371e-05,-0.00022389145143466918,-0.0002660635891978186,0.0005148739439988232,0.0004809611035498536,0.0004325401405615871,0.00047584449606529003,8.147379428875e-06,1.0233214969141185e-05,0.002824678012552507,0.0027629680416696276,0.00041750759795608424,0.0004246784212195534,0.000524114384834568,0.0006753921879636617,0.008512247249017755,0.007720960694221263,0.002160099041127368,0.0020108267414373714,-0.004789909763640647,-0.003758228649759692,0.00588243652650445,0.005973558785898915,-0.005433507107440149,-0.004564422130288752,0.001061104941755632,0.0012308719017486635,2.7864955573501833,2.579297649828121,0.021915580441587052,0.02017478331167298,0.003659237703448664,2.069389966706382,0.009362216580848548,-0.9498654807202146,0.0010382752156538424,2.3273706982148825,0.00046370444113259617,0.12084898733154961
2023-10,156,156,0.1794871794871795,0.08974358974358974,0.5128205128205128,0.9038461538461539,0.009031790202197795,0.00863012568411205,0.013088072770647673,0.013817872677607167,0.0041512449594216915,0.005063306061130797,0.004625966176439706,0.005665374896174543,0.003040172999063482,0.0036318464138332396,9.67199519945415e-05,0.00011275817496766603,8.123621324808382e-05,7.975578229421302e-05,0.0009721484371998066,0.0009231502617272577,0.0003669926854058528,0.0003749438500957686,3.209122241738782e-05,3.666932519273749e-05,0.0006230526421082044,0.0005298717490351125,0.0005265644438393141,0.0005161207520878145,0.0006758489188120753,0.0006591311203395227,0.0094248096725801,0.00900690300046749,0.00030520494753304535,0.00019801435604081648,-0.007402877860671069,-0.006635090051179141,0.0023271367594420852,0.002569827305329173,-0.008462106594207935,-0.008152497781432582,0.0015857931773762231,0.0020335284823413016,2.7254875638122242,2.5775624286572225,0.023418293438951486,0.021899837738235974,0.003608340755728707,-0.4943624626661257,0.009541997582526156,0.30716184776452765,0.0009321153775861181,-0.5199728811703751,0.0005460068513821021,1.1774108470227884
2023-11,286,286,0.16083916083916083,0.06993006993006994,0.6188811188811189,0.8356643356643356,0.008990960952722756,0.008408441754730085,0.011608019050384524,0.011781611884550462,0.004339057255525062,0.0052214520452173625,0.004587320419927378,0.005552664454954448,0.003438014939975562,0.004299580491051078,7.871221268534937e-05,8.748862227290488e-05,-7.394796862328419e-05,-0.00010655665533240272,0.000734319554660372,0.0008025398620034783,0.00026448997949000556,0.00027256070785022866,2.5509293575568545e-05,2.916287409096827e-05,0.0010375443605744154,0.00098761194758083,0.0004702984565588792,0.00048735649202026756,0.0003938632148785138,0.0003880905552106161,0.009410129505189987,0.008910379683795882,0.0006735971188855509,0.0005793317103072214,-0.006341691607064227,-0.005463219957712929,0.0037420350170113176,0.004026491436390182,-0.007020698630457125,-0.0062289474295959876,0.0011493054799518124,0.001253083963903364,2.9517958209762227,2.709782728082906,0.022239454980660784,0.020890712690168532,0.003954092862940115,0.3780537169340619,0.009221933743434794,0.13465171606548237,0.0010077973061290524,-0.10044219142106292,0.0004839519910945614,-0.765671489140985
2023-12,40,40,0.15,0.025,0.75,0.8,0.008392425571507845,0.007945781724701978,0.010408817812624862,0.010598698771942767,0.00508566855202716,0.005977948676363539,0.005659120572742001,0.006642008434482555,0.0036262009987252123,0.0043529120812312696,0.00010372360912926002,8.763729843419577e-05,-0.0004142694511617125,-0.00039071628885253753,0.0007821817902758151,0.0008325543351249898,0.00039092094915805614,0.0004564442626781627,1.490977062739263e-05,1.825777050712135e-05,0.001981810297292035,0.001792913063799925,0.000336825946337906,0.00028847277401259475,0.0005364932674716035,0.0006499766300537202,0.008741837703441346,0.008215996728207478,0.0011617101263448702,0.0009274947417620959,-0.0030536036122039774,-0.001956066758221515,0.006849944217582252,0.007187424711748077,-0.004749697239882824,-0.00395669033746017,0.0020329195740167822,0.00228909635325128,2.831763329203554,2.551868353964371,0.021240501036418842,0.020397581210563166,0.004700388130135026,1.8751002159056467,0.009022256032557296,-0.9124858300468535,0.0010751528084727087,0.5282474062554792,0.0005325799464991902,0.4403925520758827
2024-01,93,93,0.021505376344086023,0.10752688172043011,0.6344086021505376,0.8817204301075269,0.010618962801450887,0.010320565607315998,0.014279366618665013,0.015241409469722937,0.0050348954221627615,0.006248300888205835,0.00556407461380903,0.00696119544881237,0.0037098922030357946,0.004518752437352294,0.00024996017569673377,0.0002403738045280009,0.00013013238719400137,0.0001349194902834597,0.000947017493254743,0.001001815985323185,0.0002816810155631434,0.00030705815030028445,4.092813298196712e-05,4.342236468892566e-05,0.000870233927623987,0.0007753993694452029,0.0006070447999601563,0.0005241699737449309,0.000596889717259341,0.0005117635838338139,0.011219050753143054,0.011050991813333412,0.0006777571662728764,0.0005598383447394496,-0.0074681543940429175,-0.006361940983195435,0.004428653525373009,0.005248889174877425,-0.008715292004855966,-0.008280214020910542,0.0018541824107732262,0.002442443011460064,2.864227141282524,2.6200386876163004,0.02734461297562149,0.025675023921070496,0.004336942379852166,0.2751869149707055,0.009698956908588623,1.8643915963909643,0.0007045673397590857,-0.35261007355847634,0.0005507737796053833,0.7267252338958968
2024-02,286,286,0.04195804195804196,0.038461538461538464,0.6958041958041958,0.8636363636363636,0.009593501942552443,0.009586018858829093,0.012682763755033888,0.013392300210244146,0.004850508214699445,0.00578203904022721,0.005123138459481519,0.006098689545506402,0.004063331872331325,0.004817726909584224,0.00010564322853679083,0.00011885602352633378,6.576213986264089e-05,6.529429618614302e-05,0.0009914325345709717,0.0010258346064870429,0.00021316297756833488,0.0002275098132735918,2.2532979498161647e-05,2.8056142892481417e-05,0.001042946240490722,0.000994207681771896,0.00038428353240773446,0.00038972533036104717,0.00036157864713493693,0.0003535074004453006,0.010328999058525303,0.010377202088397205,0.0008730124232868617,0.0008039360217919593,-0.0068841022408099185,-0.006402373359176617,0.0043179092410022555,0.004778764751012556,-0.007559625295552339,-0.007293610664737703,0.0010598065871501867,0.0012809626359221698,2.8492721614305294,2.685850475866925,0.027028824317495405,0.025117389452420567,0.004834635500242209,0.06588479090816574,0.009925004255074922,0.6770385831228951,0.0008465192086975397,-0.029826782705133198,0.00047220621168609885,-1.2191600103793148
2024-03,90,90,0.06666666666666667,0.011111111111111112,0.6444444444444445,0.8111111111111111,0.008890095767862038,0.009025891869285976,0.010822290788118605,0.011590847727940584,0.004830051362035733,0.005955498021402962,0.0049084270657955694,0.006120084383079771,0.004511733091867558,0.005523338602221804,6.810635286445127e-05,7.940667333681352e-05,-0.00013758297942716909,-0.00015881334667365227,0.000636608023518451,0.0007252476164763104,0.0003536620691845719,0.0003352726207554655,1.6286448957786668e-05,1.9410520148996983e-05,0.0010046279332930775,0.0011840417290891064,0.00026217879434352115,0.00028586402401253695,0.00025781957742182553,0.0003193912860881047,0.00933699056682315,0.009511154873011038,0.0004970964357235367,0.0006705452415109788,-0.005779348542738561,-0.005159881588015401,0.00405473845980814,0.005021818526506629,-0.005913863722323021,-0.005470763344860794,0.00039669397392800936,0.0005967457808579645,3.1255757848311254,2.8370319088813507,0.02656350677578133,0.024467842944187652,0.004912811360941414,-0.293345021377412,0.009906719520483213,-0.2819300452553914,0.0008023940379070362,-0.7653132793457991,0.00043819530232192677,-1.514186661969128
2024-04,146,146,0.15753424657534246,0.0410958904109589,0.6438356164383562,0.8698630136986302,0.009302664346313183,0.009174188320593232,0.013120806687737059,0.013795942833135698,0.005115287659101211,0.005919990971999826,0.005528915969669336,0.0063830830962842535,0.004240129630141422,0.004862720945884026,0.00019051064244492302,0.00017996152480339575,9.168404994615274e-05,7.31394432356008e-05,0.0009768558767393623,0.0009229042903019559,0.00030392781068332115,0.00031276735594173695,2.435207641226404e-05,2.8870832856156274e-05,0.0007100165716710044,0.00059955096231295,0.000405428095287399,0.00042536360408075726,0.0004870613301258901,0.0004465355481752836,0.009982969535371604,0.009830518587523328,0.00047342073452157605,0.0003310522167506608,-0.006708532473827215,-0.006317861190531977,0.0037478577960659686,0.003843709613742018,-0.007591890718067697,-0.007412859736851407,0.0012887863395279042,0.0015203621504002154,2.705946483853393,2.5421552052890166,0.022043569091727198,0.02106800909623703,0.004137289755562344,-0.5169287154884047,0.010217002478465778,0.4442260378745083,0.0006303216899512127,-0.6871252588326049,0.0004258373179854984,0.062078668719703724
2024-05,289,289,0.17993079584775087,0.058823529411764705,0.698961937716263,0.889273356401384,0.009608546342542877,0.009002530327259778,0.01275479514431904,0.013063853629164237,0.004444500820867419,0.0053583376525029825,0.004661739100217066,0.005623219444386123,0.003945641527173599,0.004757408147750588,0.00013835103425866686,0.00012677218129443355,1.7783719815310675e-05,-6.821821414952232e-06,0.0008520359597745696,0.0009095761886596992,0.00020176818213160226,0.00021033949362754488,2.923768457529239e-05,3.240365172099736e-05,0.0014670440388956508,0.0014610067530346873,0.0003869097495938193,0.000392823216477391,0.0002796614851860558,0.0002808316482486715,0.010319271851390099,0.009758047048965284,0.0012538218920040596,0.001211441786271184,-0.007763868220652323,-0.006967646104619966,0.0038092255227418414,0.004001842730616511,-0.008093056044101942,-0.0074406341847780754,0.0007160975730434702,0.0008658112966355373,2.913411665263133,2.6847389283502077,0.02248994221524103,0.02041543755446793,0.003982432754904551,-0.2965790261955814,0.009992057753027538,0.6533167788388287,0.0007743378713840085,1.6400211166367709,0.0003465302599671771,-1.201181043098713
2024-06,34,34,0.11764705882352941,0.08823529411764706,0.5294117647058824,0.8235294117647058,0.008554164714608199,0.008602169280581452,0.011087093680748486,0.01209333323303161,0.004360587055753474,0.005380324270499779,0.004470421227166841,0.0056113524329072136,0.004118425152771112,0.004937781718162787,0.00013606366191853752,0.0002048135542995389,-0.00013540811741435588,-0.00020045581910169922,0.000521242304747061,0.0005708633109199995,0.00023818356244680397,0.0002919682582567855,1.6137478407210617e-05,1.7430940791450647e-05,0.0007521490415360611,0.0008541160987811173,0.00033717993855649013,0.0003529765510268723,0.000537707657837149,0.0005926519869093237,0.00867376302343667,0.008785194158891698,0.00036241988326768523,0.0003442610806311762,-0.0066018563177424145,-0.006161386636406849,0.002434326588961939,0.002968068603116024,-0.006616672453581629,-0.006481980800124381,0.00035199607439572947,0.0006735707147444291,2.9001591087054126,2.659748300669779,0.022108859618183586,0.01942678351207306,0.0035115370918944724,-1.4973065509288708,0.00957824874425538,-1.320218325438677,0.0006466897363792144,-1.2630950342567564,0.0003905625126427301,0.8975158307980192
2024-07,148,148,0.21621621621621623,0.10135135135135136,0.6081081081081081,0.9121621621621622,0.010190007725021849,0.009501465951004527,0.014399424491485248,0.014631004867109068,0.004915601479325133,0.0057646774798934255,0.005137982028715431,0.006054457677316991,0.0044217777235038384,0.005088992768475038,0.00016689812104751594,0.00015130016661467417,8.336206922399163e-05,6.457933940869847e-05,0.0009254941291194614,0.0009520839752826713,0.0002744089530614663,0.0002749234734827765,4.09060242016573e-05,4.0592727628323534e-05,0.0008893945140878619,0.0006983794276056055,0.00038819121746449836,0.00043175901204677757,0.0004659754657134505,0.0005157121532781061,0.010816424509475406,0.0100891379396238,0.0006574416060487332,0.0004474425659032083,-0.008933429375022723,-0.008042841292996898,0.002540436740501436,0.0024937392125301263,-0.00926144246276979,-0.008576547189792045,0.0007162043052115983,0.0009654649088419577,2.7287718195982777,2.5378576763323717,0.022647276180653344,0.02179921729840632,0.0031329616620677965,-1.159038459204658,0.009948107229918445,1.0178918260666785,0.0006867760289605135,-0.2860045455523426,0.0004426014847156363,0.21673889604962804
2024-08,285,285,0.21403508771929824,0.11578947368421053,0.6912280701754386,0.8631578947368421,0.009586805533021145,0.009196637114341549,0.01256973712576418,0.013060612301216265,0.005269296752604356,0.0059155201976458325,0.005226662279177328,0.006149848113841379,0.004257594398449508,0.0049496410140973226,0.00011336588388714755,0.00011855391197005358,2.0912920334152098e-05,9.551736983363632e-06,0.0009521639824954912,0.000977086506710618,0.00019194586198679494,0.00020002460976938224,1.528530358617878e-05,1.8541607085361617e-05,0.0011184088642483359,0.0011995857917350178,0.0003536404748463007,0.0003404913301130504,0.00023849069852510479,0.0002303654213636158,0.010413844700878706,0.010061912111658633,0.0009320906190095115,0.000990571311863635,-0.0067276474407053435,-0.006051048417743894,0.004618287879182888,0.005001435005778392,-0.007343074846586826,-0.006910764187374853,0.0009690678807278171,0.0012002070997440542,2.9351244972666035,2.761577683979329,0.022124231971863768,0.020405319530886055,0.0033505691828470264,1.1256143523428743,0.010055826021295221,0.3665031411546459,0.0008014435000824973,0.7912794481194851,0.00038045882681544,-1.28263253493481
2024-09,31,31,0.0967741935483871,0.0967741935483871,0.5483870967741935,0.7741935483870968,0.00830653058485907,0.007169227326968928,0.010881774173793957,0.010554925182556652,0.0042792959891298195,0.0044639258196954475,0.004521084649949179,0.004723991595599033,0.0040390581525794,0.004179314134736347,7.882316345506144e-05,9.322792362766772e-05,-0.00029786354808781633,-0.00019111724343675397,0.0004457712398043677,0.0004987693914080694,0.00018659060208809353,0.0002284084128877885,3.420791571167742e-06,4.661396181381759e-06,0.0017286727670981288,0.0016408114558472315,0.0002962877418147223,0.00027036097852025276,0.0003909581050521935,0.0003402819212410188,0.008440166883066338,0.007420942720763674,0.0012407978253510352,0.001216624403341288,-0.006174950768289729,-0.005556617104615199,0.003506013940127668,0.0030809500194897816,-0.006360689523844757,-0.005830933586957599,0.000482026497369787,0.0005446774608626952,2.7826254566667843,2.5491555844243896,0.022213368824015853,0.02049149761336511,0.0032747662871934835,-0.16704058168366984,0.00958604977921428,-1.653511435684059,0.0007981874834192413,1.4096824937134276,0.00040828298178197445,0.12837082475248948
2024-10,187,187,0.1925133689839572,0.08021390374331551,0.5775401069518716,0.8877005347593583,0.01008021654315304,0.009927205698575308,0.014293033566352004,0.015460656307127736,0.004867598524825719,0.006129962433774466,0.005093410910422515,0.006443855728901323,0.004261649311630119,0.005283911216639895,0.0002113730569237196,0.00020854161459632752,6.925660938583753e-05,0.00010231817045737444,0.0011578801931599327,0.001004436390902231,0.0002309693208133367,0.00027102599350160237,2.908800054189657e-05,2.5774806298420016e-05,0.0007556713072259109,0.0005920394901274452,0.0004177151378533103,0.0004155211197200318,0.00042996088866911004,0.0004061484628842467,0.011019508904567616,0.010734035241189654,0.0005648705952565154,0.00039755686078479747,-0.008785576194990409,-0.008272377185685026,0.0027988033048337224,0.0028592149162894372,-0.009199622655929461,-0.00901680057822638,0.0008317615987923954,0.0011599445122614262,2.8352884490260344,2.6056351124708637,0.024252116720957603,0.022355348662834246,0.0033658854661614292,-0.8796619137757173,0.010172486249497016,1.2706077386779215,0.0008488001614164488,-0.5573243128165116,0.00038134628948996473,0.41243243123727885
2024-11,253,253,0.1857707509881423,0.08695652173913043,0.7430830039525692,0.8695652173913043,0.010112741624026938,0.009525686637161808,0.012982796920966325,0.01330333290605571,0.004822544006371405,0.005855259585212885,0.005258128299326818,0.006343389720286349,0.0037796381034906857,0.004719651790466715,0.000161606694790765,0.00013670694212449875,-8.585728133359938e-06,-8.62713712436369e-06,0.0009256275716540538,0.0010100386694830504,0.00024273160936347235,0.0002130239243784722,2.1645112936181213e-05,1.8581526114008303e-05,0.0014514204390289936,0.0013252609874886301,0.00033603842755061165,0.00033911285158068973,0.00022726276869278913,0.00023160545049248337,0.010972713121778999,0.01044082679827691,0.0011784579885959748,0.0010850283998717787,-0.006582216853353999,-0.005675318107530421,0.005568954257020985,0.005850537090618278,-0.007724668621639487,-0.006959943185769332,0.0014784901958361295,0.0016237379298196302,2.9905838850296935,2.7455941432386015,0.023555236276766547,0.021505461973238573,0.0041230148452913165,1.9283191468698462,0.010211558402572915,0.9500199862937588,0.0009790542570532591,1.0156397764385545,0.0003216681152347994,-1.3871144329634357
2024-12,48,48,0.14583333333333334,0.08333333333333333,0.6458333333333334,0.8333333333333334,0.009299708104916074,0.009684585728695414,0.011950267908405083,0.012825170762855723,0.005732225256998874,0.006625197153875829,0.005944973778816078,0.006914878966498166,0.005462348346282096,0.00619381669952988,0.00015779532614577905,0.0001299529075415835,-0.00023949617147207085,-0.0002846587498530172,0.0008437173162329334,0.0009653644560232649,0.0002274738400775691,0.00023824699715956592,1.8648922774508205e-05,2.1658817923595784e-05,0.0019508611575554922,0.0020049877163560935,0.0001867020919126087,0.00021968229608219697,0.00036326879899589167,0.0004857763448578599,0.009937951948298928,0.010294126747402436,0.001465242223231319,0.0014604231514198857,-0.005709370788967644,-0.005408911825471486,0.005693823382562629,0.006345638073350864,-0.006005294129588981,-0.005910291796357531,0.00048262543253397926,0.0007210622669682846,2.811984618674973,2.7422917194147205,0.02336097149909311,0.022061053113609737,0.004391898721136251,1.495305378630217,0.01009258521442797,-0.14486566601919973,0.0011123421581087111,1.387640551482365,0.0003528626403524961,-0.03249676811863459
2025-01,102,102,0.049019607843137254,0.0392156862745098,0.6666666666666666,0.9411764705882353,0.012373308171109145,0.011073330052346604,0.016420075121350453,0.016577388442465642,0.005318668458220689,0.006958748124916835,0.0055459865061628505,0.007230784858081413,0.004997818007083957,0.006638285651359159,0.00020344556818530888,0.0002167128987517041,0.000138775403328682,0.00011884255737997739,0.0011497148013309786,0.0010472126526776863,0.0002600316338926171,0.0002838239899780489,2.1053948618307553e-05,3.2157397879287626e-05,0.0009384922650561003,0.0007340275602881024,0.0004414090460749337,0.0004236387633662567,0.0005583695008182343,0.0006333609234485748,0.01316809903980723,0.011703894680327452,0.0007961820858738529,0.0005368887298107381,-0.010767329162183635,-0.009177743141028214,0.0031969519634974432,0.003063040269109977,-0.010874088615187572,-0.00934660358438418,0.0005481684990788928,0.0005924992067222548,2.792486533599836,2.5421371885188417,0.026113662482482765,0.024635363071003495,0.004314633226978695,-0.48228233450542807,0.011274568253613193,1.962161132805308,0.0010011882232394155,-0.2949602625175379,0.00039471548929400626,1.3587630537900837
2025-02,297,297,0.06734006734006734,0.050505050505050504,0.6902356902356902,0.9023569023569024,0.011131062939944921,0.010279444250339435,0.0145646961951917,0.014747557304228207,0.005106151361676425,0.006088640472287002,0.005461732903864915,0.006486403595928971,0.004300151890513407,0.005181757451599949,0.00017154375425938568,0.00015128180455521178,4.192608100761183e-05,5.660203571793664e-05,0.0010502454384057214,0.0010306716140275826,0.0002300361038933132,0.0002264081428717458,1.399351542728377e-05,1.4407790910018277e-05,0.0017043859190712012,0.0014937791789925848,0.0003207276985814378,0.00033549570261904227,0.00048293466344018497,0.0005135348331500285,0.011869917469169872,0.010947862835772232,0.0015022823807582125,0.0013095652809287529,-0.008262109976556724,-0.007292003266589264,0.0051100898733713665,0.004965424850111728,-0.009102963291326763,-0.008261153708299208,0.0011615810133515005,0.0013046461443290147,2.8977280004710684,2.701688954295448,0.02707186877584733,0.02518533307467914,0.004892454869113106,0.826308267405453,0.011487170394763756,0.8071187482360502,0.0012355411696148397,1.3739429683357165,0.000407958932986775,0.8129818470867864
2025-03,87,87,0.05747126436781609,0.11494252873563218,0.6551724137931034,0.735632183908046,0.009493805953647258,0.0090418165698249,0.011434228284567931,0.011595479371908093,0.005047156540817205,0.005912988756985151,0.005355006764534687,0.006255183796809586,0.004014160985631769,0.004806487213081108,9.849295641448444e-05,0.00012273130271033166,-8.893628987356895e-05,-0.0001172358712457081,0.0008393354187706079,0.0009214006755716618,0.0003113280773480246,0.0003645302871545778,2.6237078807566667e-05,1.6486294393922483e-05,0.0017393951527738198,0.001778687984055894,0.00041675381581407234,0.0004469617591242102,0.0008264715639144501,0.0009378869699655961,0.009605162764917916,0.009148061578141329,0.0013128937067446447,0.0012804355312616682,-0.005155129556944409,-0.004338560750494241,0.00576292691471816,0.006089936358908762,-0.006079221520033224,-0.005340295575098475,0.0013408457789029116,0.0014486965837284733,3.2280038781177844,2.971229092444748,0.026049722798097426,0.024573737699392532,0.0049409480335374,1.094395699685894,0.011145282805548485,-0.7944320081177371,0.0012691500991520073,0.6090241596555802,0.0005577611317921903,2.1475271550552435
2025-04,10,10,0.0,0.0,0.1,0.9,0.00466763463535311,0.004852221107899212,0.00475581381808222,0.004930783730879925,0.00088802364570511,0.0005720906016667738,0.00055690137847881,0.00038404915243776626,0.00168825545947356,0.001045819094547084,2.3087424986179997e-05,2.949678485043761e-05,0.00012220019749922,0.00016223231667745284,0.0007117659379485301,0.0007226712288360095,0.00018865946965726,0.00026547106365404957,7.817080320500001e-05,5.899356970090039e-05,0.00020098859544600997,0.00017698070910268204,0.0010690763297458799,0.0012536133561441328,0.00139851512923465,0.0015338328122234085,0.00400397286905315,0.004070556309362228,5.635852008298001e-05,1.4748392425198955e-05,-0.00639934285034407,-0.006462117876695642,-0.00233901146120787,-0.0023768131749081355,-0.00419891243960341,-0.004546734578442158,-0.0011313540809947402,-0.000661769942109311,2.1861047767900903,2.1541916936268257,0.01945539448075526,0.018641968025485185,0.0029327393225947757,-2.3705335792748032,0.009661788035737043,-2.261784289062749,0.0009169291733649226,-2.03377489463352,0.00081657271435188,2.3370041960714696
2025-05,57,57,0.14035087719298245,0.0,0.2807017543859649,0.9649122807017544,0.009990459069188235,0.00988396354678472,0.010058371409544032,0.00994309841266353,0.00020609302469457545,0.00024216636202154364,0.0,0.0,0.0,0.0,0.0001261030424234,0.00012451707566598296,1.6268671209389377e-05,1.346130547740382e-05,0.000846881398739965,0.0008682542032925857,0.00039898322060100003,0.0004206657961688833,2.2912420119038598e-05,2.3557284585451394e-05,0.0012343376822042966,0.0009557526888957406,0.0010203423823103683,0.0008850808351393551,0.0017309952656970964,0.001972081252439814,0.00923244824465452,0.008904653573303492,0.0008287107126936386,0.0005249909136187997,-0.011078713791854435,-0.01082817924780292,-0.001017554834506251,-0.001398534760880603,-0.010058371409544032,-0.00994309841266353,0.0,0.0,2.9359360177370766,2.6666798237243214,0.025544309963539517,0.021793853567918974,0.0018791126230938517,-1.3850815277695685,0.008677875336948864,-0.291128766521743,0.0009250613300698689,-0.2883558993716912,0.0011097291555715954,1.9468585507931273
2025-06,74,74,0.10810810810810811,0.013513513513513514,0.3108108108108108,0.9594594594594594,0.010327050859665962,0.009607363292916154,0.010518832644493622,0.009805047944195242,0.0003750545150663783,0.00029706009509200516,0.0,0.0,0.0,0.0,0.00017208108454118583,0.00016381915373543605,9.151060058666353e-05,6.300736682131937e-05,0.0006626634855482581,0.0008039740006401167,0.00035776023145687026,0.0003704833169093768,3.477430042535406e-05,4.5365304111352166e-05,0.0016360104568532569,0.001938106603424042,0.0007152034181939582,0.0007384463391459304,0.001541423118288658,0.001524778277076111,0.009620372311466757,0.009050378170215612,0.0013349865255576838,0.0015852653492246173,-0.011234036062687624,-0.010543494283341219,-0.000278677225663146,9.214923609903748e-05,-0.010518832644493622,-0.009805047944195242,0.0,0.0,3.055459511743762,2.681783214927272,0.022538421943325188,0.021364537941776108,0.0005319208483352239,-0.9416015941585417,0.008115489047523086,-0.0716633536808382,0.0008832373662697368,0.6079833788592734,0.0013743512692837136,1.1905534718379245
2025-07,222,220,0.17117117117117117,0.11711711711711711,0.43243243243243246,0.9774774774774775,0.010353692822494629,0.009321363968382188,0.010410608752858989,0.009387587882317213,0.0001453257143976946,0.00019620893037867058,0.0,0.0,0.0,0.0,0.0001157229539903982,0.00010256943767769324,0.0001848849735049439,0.00014286457390822322,0.00104874242151437,0.000998586739676523,0.00022610893814282396,0.00021832637448539064,2.326406426722883e-05,2.7840275941085744e-05,0.00087343758544689,0.0007348367570767112,0.000784353881323228,0.000707729119976159,0.0011337595675032825,0.001189805477061403,0.010384398630496134,0.009232714668675026,0.0008089495565417834,0.0006315346805584616,-0.011194962634182256,-0.010095317002293415,-1.6144471443176031e-06,-0.00023106765305990525,-0.010410608752858989,-0.009387587882317213,0.0,0.0,2.564746134706165,2.3279058976185287,0.020441137987217098,0.018994394580230868,-0.0009092144921303957,-0.6543904187761768,0.00831029801391764,0.2628174327891759,0.0007572513287190214,-0.4463368696022572,0.0014511732701809217,0.26516475659020106
2025-08,513,507,0.16569200779727095,0.07602339181286549,0.4619883040935672,0.9766081871345029,0.009830745469530498,0.009185500631918126,0.00994018936982966,0.009285600267991091,0.0001754930764203684,0.00015951422276711878,0.0,0.0,0.0,0.0,0.00012906283976415095,0.00012210444615118552,0.00011341736400602728,0.00011251316035079612,0.00111837538715542,0.000998969305672021,0.0002662687726652601,0.00024531557912550094,3.3923806765170355e-05,3.4676187124503675e-05,0.0007451714917556182,0.0007621383255237909,0.0005470997375445373,0.0005197739112599071,0.001021336252629839,0.0010476635258894267,0.010056847443820254,0.009258910857851934,0.0005583962763312096,0.0005946597196245753,-0.010487289107374235,-0.009805374179251038,0.00012795461277723334,4.819639822547502e-05,-0.00994018936982966,-0.009285600267991091,0.0,0.0,2.848299474553474,2.5622113929829164,0.024017897235286908,0.021335446367374233,-0.0002924729736341199,-0.4275429200232719,0.009823516657609416,0.12568293434787978,0.0008827607677810787,-0.769535021565553,0.001356878551029719,-0.1542855954317157
2025-09,42,42,0.07142857142857142,0.0,0.35714285714285715,1.0,0.008960060736846064,0.009305762669864425,0.009200333849983398,0.009530441442589903,0.00034036680369255715,0.0003064807520384485,0.0,0.0,0.0,0.0,0.0001479948639072873,0.0001460248065171084,-0.0001928669652186667,-0.00017257477133842308,0.0006333824057602453,0.0006327741615741995,0.0003714519862850278,0.00028319962476047863,6.9328485549468106e-06,8.849988273763927e-06,0.0019720693120875927,0.0022921469629052444,0.0003896438557096849,0.0003539995309505944,0.0010839680892319142,0.0011416484873157167,0.008657469917281706,0.008942913150640034,0.0014008175120289548,0.0018275225785325852,-0.009589977705693106,-0.009884440973540517,0.00046830972361756195,0.0008859947556321018,-0.009200333849983398,-0.009530441442589903,0.0,0.0,2.7390694740471453,2.5749928156489124,0.02240233919287125,0.01983724871564539,7.899316589683335e-05,-0.1889120809756492,0.009679772075766212,-0.24276331832246967,0.001025787467614908,0.904492478790034,0.0011951217569134234,-0.18269062500668992
2025-10,397,397,0.17884130982367757,0.05793450881612091,0.5692695214105793,0.9924433249370277,0.011125799843600463,0.010345403931829793,0.011242414620776693,0.010450010562451746,0.00011246530933716347,0.00010928487282038997,0.0,0.0,0.0,0.0,0.00019631789542910873,0.00018648897656658786,0.00012179871433446441,0.00012185593170797349,0.0010673799823511922,0.0010859998238028639,0.0002541698496953479,0.0002803509780173296,1.8814112025014275e-05,2.0995447692925596e-05,0.001117858507229631,0.0010345403931829515,0.0004583956252475287,0.00046231152468936896,0.0008289180320182656,0.0008612250308550392,0.011560579689362527,0.01075666770134424,0.000966673259843731,0.0008550498991806674,-0.011700810246024259,-0.010912322087141157,0.0008264427031820077,0.000699395513383757,-0.011242414620776693,-0.010450010562451746,0.0,0.0,2.656100460094442,2.473926622531355,0.022431690732465946,0.02044915437746846,0.00035527314810812177,0.1730849045769249,0.010164823920240155,1.1520008516880063,0.0009337091511864196,0.13641447383910546,0.0010169954853458253,-1.18618592683226
2025-11,691,691,0.16063675832127353,0.05788712011577424,0.6020260492040521,0.9768451519536903,0.010703932516926435,0.010036323226150501,0.010834523707873626,0.010186824653773517,0.0002249856764459955,0.00023272879766060177,0.0,0.0,0.0,0.0,0.0001468597423315312,0.00013755090878741884,6.582239919239776e-05,7.611512739224885e-05,0.0009802045056937344,0.0009962926496164734,0.00019960836380652586,0.00022535514502919815,2.448581783867272e-05,2.2290858736300102e-05,0.0015627916326371883,0.0015236617465485566,0.00041836348495591656,0.00039525498295833007,0.0005915361183753046,0.0005773876092183844,0.011239460646576428,0.010592779175336046,0.0014045198501843863,0.0013521308701753064,-0.011252887192829575,-0.010582079636731882,0.001391093303931237,0.001362830408779468,-0.010834523707873626,-0.010186824653773517,0.0,0.0,2.9394566193311356,2.68407151233779,0.023630999382742966,0.021725432075675788,0.0007034500858770105,1.381681900236135,0.010378589424260228,0.856380574579309,0.0010826017245970704,1.1053390670940189,0.0008814396230638309,-1.6367370213177779
2025-12,109,72,0.12844036697247707,0.07339449541284404,0.5412844036697247,0.981651376146789,0.011290799585680814,0.010010678272874392,0.011527539686074737,0.010273470691604787,0.0002498092001969294,0.0002933989394358837,0.0,0.0,0.0,0.0,0.0001948098783032152,0.00019606540482642196,0.00011840117866263446,5.023163264147237e-05,0.0008486965430528129,0.00091065088853272,0.00027223878989245483,0.0002673619156724066,8.086197805477138e-05,5.6713133627480856e-05,0.0017289538198223347,0.0014680599733285918,0.0005949465767252631,0.0005282423303588223,0.0008528498171037713,0.0007583356153617756,0.011481456189933101,0.010359058950871794,0.0014942542305377427,0.001194216556670178,-0.012122486262800037,-0.010801713021963645,0.0008532241576708246,0.0007515624855783416,-0.011527539686074737,-0.010273470691604787,0.0,0.0,3.1264474781096947,2.851041306797853,0.02360797774266222,0.022004695847464315,0.0008847674721004083,0.7884881438548339,0.010734741610788441,1.1854282128980251,0.0013165662131487037,1.201190493334663,0.0008393180141823139,-0.6958735776347527
2026-01,551,401,0.09074410163339383,0.032667876588021776,0.5317604355716878,0.9818511796733213,0.010843035021140474,0.010382591658034398,0.011070215811225503,0.010605927996657242,0.00032778888060777146,0.00028700696779359133,0.0,0.0,0.0,0.0,0.00016944788816328544,0.000162767073639979,0.00014785595105546836,0.0001588717932451778,0.001069865548388652,0.0010617421418977848,0.0002645940298851301,0.00029242426392414226,2.822745287532871e-05,2.8101665705362123e-05,0.0007862257162134594,0.0008052101044686098,0.0004712500306781638,0.0004526872287388984,0.0007321260595756695,0.0007423291495239163,0.011350222398116765,0.010864771724048273,0.0006412601845084675,0.0006435559680842811,-0.011541465841903699,-0.011058615225396175,0.0004500167407215419,0.000449712466736387,-0.011070215811225503,-0.010605927996657242,0.0,0.0,2.6967326598603885,2.518142689222194,0.02522952484730053,0.023622649719971026,0.0008801942263764032,-0.0588323336825819,0.011407929730997204,0.8208224476618875,0.0011266768812685818,-1.232988240175013,0.0007513575067682528,-0.8787185186994549
2026-02,1378,1321,0.06386066763425254,0.034107402031930335,0.6509433962264151,0.9731494920174165,0.011696736296516323,0.011042220979605333,0.011912463534401188,0.011294521868293418,0.0003924495178122265,0.00040970071918772655,0.0,0.0,0.0,0.0,0.00016863908597998875,0.0001617714906214338,0.00014725539136583072,0.00015236617139926297,0.0011906889904367505,0.0011583591154033452,0.0002625082230328189,0.0002493036615158298,2.3025320403902893e-05,2.7839744897641615e-05,0.0014283797313462327,0.0013506038403046693,0.0004520010998944718,0.0004396673225726911,0.0005309109045164744,0.0005430004297603542,0.012525153468416622,0.011819351155869793,0.001290101579275341,0.0012258266052904599,-0.012364464634295694,-0.011734189190866148,0.0014507904133962692,0.0013109885702941074,-0.011912463534401188,-0.011294521868293418,0.0,0.0,3.032393115461982,2.7642678799358067,0.03122321396056592,0.02919737137630289,0.0010362811539299686,1.5039143625206979,0.011649073175760728,1.466646111591922,0.0012075339611264844,0.6289636101371642,0.0006768557248928049,-1.516243843956725
2026-03,537,530,0.04655493482309125,0.01675977653631285,0.5791433891992551,0.9646182495344506,0.010443337471399583,0.009964771435495996,0.010855814654134306,0.010440689198294753,0.0009908881376721984,0.001124640313904004,0.0,0.0,0.0,0.0,0.00013299691347113836,0.0001148632686793372,9.333968921434554e-05,8.653032907176834e-05,0.0011050788239301487,0.0011256600330576045,0.0002488639030860768,0.00026686566089833896,2.05498677161082e-05,2.565279667171829e-05,0.0015585932008378848,0.0015552486579183953,0.0004495498217569954,0.0004257598492380961,0.0005466139943420744,0.000568573179962764,0.011134799214458825,0.010636721557270204,0.0013825191192500456,0.0013492605294201075,-0.01130536447589133,-0.010866449047532884,0.0012119538578175422,0.001119533039157429,-0.010855814654134306,-0.010440689198294753,0.0,0.0,3.380713244011053,3.1275467789613285,0.033152096036520924,0.031198778161123257,0.000991496292401545,0.811893975336231,0.011622907817731329,0.12335595144799943,0.001202033778392899,0.6927373197360691,0.0006656251938844974,-1.1484385525948362
2026-04,124,62,0.0967741935483871,0.016129032258064516,0.3709677419354839,0.9919354838709677,0.010031688517007545,0.008961084512223239,0.010280653945276,0.00918662010599454,0.00044876494992767904,0.00035525659288402137,0.0,0.0,0.0,0.0,0.00011389877304624078,0.00015113364491576613,-1.68391693556776e-05,1.4257891029736833e-06,0.0008251009016246457,0.0008554734617873847,0.0003116650126715471,0.000339337806508975,4.769999817442984e-05,3.9922094883406865e-05,0.0009218947297146523,0.0007984418976682439,0.0005971116879897252,0.0005788703758094468,0.0010945813384271694,0.0012575459888274792,0.009876106853251288,0.008710145630098936,0.0005456905495129901,0.00042060778537882267,-0.010877765633265766,-0.009765490481804032,-0.00045596823050148873,-0.0006347370663262744,-0.010280653945276,-0.00918662010599454,0.0,0.0,3.172827132822628,2.8995240739010484,0.02727149361703553,0.024589158869976535,0.0006641981953584666,-2.0983167146110766,0.011221570483560876,-0.9948437788373355,0.000964892858136711,-1.7028750515915672,0.0007260580742153469,1.4841018333848444
