source,period_year,period_quarter,period_label,bucket,bucket_slug,raw_score,z_score
earnings_calls,2022,3,2022-Q3,Demand,demand,-2.68260786312781e-05,-0.6027362271202809
earnings_calls,2022,3,2022-Q3,Inflation,inflation,0.00029748621336737706,0.5475344812097361
earnings_calls,2022,3,2022-Q3,Employment,employment,3.591345378047047e-05,0.6210737063871448
earnings_calls,2022,3,2022-Q3,Capex,capex,0.0008036858269845334,-0.12287315083184222
earnings_calls,2022,3,2022-Q3,AI,ai,0.00036701208476671665,-1.4655071572437526
earnings_calls,2022,4,2022-Q4,Demand,demand,8.643967933444379e-06,-0.33113830211553935
earnings_calls,2022,4,2022-Q4,Inflation,inflation,0.0006754410852320333,2.1455442920734438
earnings_calls,2022,4,2022-Q4,Employment,employment,1.4400715961818124e-05,-0.12136612135513714
earnings_calls,2022,4,2022-Q4,Capex,capex,0.0010052093118554,0.7108035508218148
earnings_calls,2022,4,2022-Q4,AI,ai,0.00060868436425625,-0.7140290052443149
earnings_calls,2023,1,2023-Q1,Demand,demand,-0.0001022541506978917,-1.1802970099351326
earnings_calls,2023,1,2023-Q1,Inflation,inflation,0.00014872152557324336,-0.08144915758360405
earnings_calls,2023,1,2023-Q1,Employment,employment,9.183877717705559e-05,2.551148242645921
earnings_calls,2023,1,2023-Q1,Capex,capex,0.0008180752684462334,-0.06334588479575044
earnings_calls,2023,1,2023-Q1,AI,ai,0.0005268498875806621,-0.9684927005920275
earnings_calls,2023,2,2023-Q2,Demand,demand,1.618534301540978e-05,-0.2733931897654087
earnings_calls,2023,2,2023-Q2,Inflation,inflation,-0.00018408520529093658,-1.4885706438569235
earnings_calls,2023,2,2023-Q2,Employment,employment,-5.008967637281248e-06,-0.7912261024196149
earnings_calls,2023,2,2023-Q2,Capex,capex,0.0010369185754012,0.8419806901099153
earnings_calls,2023,2,2023-Q2,AI,ai,0.00097889395368565,0.43713495408319614
earnings_calls,2023,3,2023-Q3,Demand,demand,-3.655811890696556e-05,-0.6772554962200892
earnings_calls,2023,3,2023-Q3,Inflation,inflation,0.0003783193634404332,0.8893005926570786
earnings_calls,2023,3,2023-Q3,Employment,employment,8.371065092506927e-05,2.270633288888618
earnings_calls,2023,3,2023-Q3,Capex,capex,0.0006720266216004,-0.6675303264325878
earnings_calls,2023,3,2023-Q3,AI,ai,0.0008760004119763833,0.11718825295686537
earnings_calls,2023,4,2023-Q4,Demand,demand,-0.00012341778784693484,-1.3423492340489342
earnings_calls,2023,4,2023-Q4,Inflation,inflation,0.0002956669972361111,0.5398427554449587
earnings_calls,2023,4,2023-Q4,Employment,employment,2.8336413362635405e-05,0.3595776276436825
earnings_calls,2023,4,2023-Q4,Capex,capex,0.0007949751387371333,-0.15890814621651983
earnings_calls,2023,4,2023-Q4,AI,ai,0.0008217140851330167,-0.05161467579135035
earnings_calls,2024,1,2024-Q1,Demand,demand,1.1526381356319234e-05,-0.30906735548652553
earnings_calls,2024,1,2024-Q1,Inflation,inflation,0.0003012796306232,0.5635732161031323
earnings_calls,2024,1,2024-Q1,Employment,employment,-6.422095047834136e-07,-0.640522124942935
earnings_calls,2024,1,2024-Q1,Capex,capex,0.0009506559132232999,0.4851231668965906
earnings_calls,2024,1,2024-Q1,AI,ai,0.0005186354442304,-0.9940354509711681
earnings_calls,2024,2,2024-Q2,Demand,demand,0.000201850175494993,1.148262210539597
earnings_calls,2024,2,2024-Q2,Inflation,inflation,0.00011868941605763335,-0.2084262366462697
earnings_calls,2024,2,2024-Q2,Employment,employment,6.461144507440694e-07,-0.5960599544985596
earnings_calls,2024,2,2024-Q2,Capex,capex,0.00032372174086755,-2.10842275802834
earnings_calls,2024,2,2024-Q2,AI,ai,0.0006065902159941751,-0.7205407436585051
earnings_calls,2024,3,2024-Q3,Demand,demand,5.440501228259439e-06,-0.3556675879275106
earnings_calls,2024,3,2024-Q3,Inflation,inflation,0.00014938225653201112,-0.07865555804818027
earnings_calls,2024,3,2024-Q3,Employment,employment,2.2001444255586286e-05,0.14094746479605738
earnings_calls,2024,3,2024-Q3,Capex,capex,0.0008160068649638667,-0.07190260360186558
earnings_calls,2024,3,2024-Q3,AI,ai,0.0006002173714156224,-0.7403570563816106
earnings_calls,2024,4,2024-Q4,Demand,demand,1.237548899139415e-05,-0.30256564787328
earnings_calls,2024,4,2024-Q4,Inflation,inflation,9.584855435428124e-05,-0.30499840387476423
earnings_calls,2024,4,2024-Q4,Employment,employment,1.1601232055351903e-05,-0.21798089753123032
earnings_calls,2024,4,2024-Q4,Capex,capex,0.0010523579094668667,0.905851226627492
earnings_calls,2024,4,2024-Q4,AI,ai,0.00065255311668995,-0.5776194464855271
earnings_calls,2025,1,2025-Q1,Demand,demand,0.00020179046200825005,1.147804978010607
earnings_calls,2025,1,2025-Q1,Inflation,inflation,0.0001474750895765,-0.08671914376365479
earnings_calls,2025,1,2025-Q1,Employment,employment,3.99427763409931e-07,-0.6045735162401933
earnings_calls,2025,1,2025-Q1,Capex,capex,0.0007758025089779,-0.2382228461878236
earnings_calls,2025,1,2025-Q1,AI,ai,0.0008586551439531833,0.06325327130509602
earnings_calls,2025,2,2025-Q2,Demand,demand,1.0001588122270752e-05,-0.3207428597087478
earnings_calls,2025,2,2025-Q2,Inflation,inflation,-0.0001633161129398,-1.4007580085120996
earnings_calls,2025,2,2025-Q2,Employment,employment,-6.424336987038732e-06,-0.8400728175650273
earnings_calls,2025,2,2025-Q2,Capex,capex,,0.0
earnings_calls,2025,2,2025-Q2,AI,ai,0.0012896691150742,1.4034880023553669
earnings_calls,2025,3,2025-Q3,Demand,demand,0.00042192200619039865,2.8333756614002334
earnings_calls,2025,3,2025-Q3,Inflation,inflation,0.00012589357757503334,-0.17796672509914913
earnings_calls,2025,3,2025-Q3,Employment,employment,1.0928187693263852e-06,-0.5806434566015587
earnings_calls,2025,3,2025-Q3,Capex,capex,0.0013620266957232,2.1869111115173303
earnings_calls,2025,3,2025-Q3,AI,ai,0.00081075898479725,-0.08567947864205101
earnings_calls,2025,4,2025-Q4,Demand,demand,0.0001501228966199587,0.7521809259276486
earnings_calls,2025,4,2025-Q4,Inflation,inflation,6.324795463196296e-06,-0.6835087913915571
earnings_calls,2025,4,2025-Q4,Employment,employment,1.1410516204517085e-05,-0.22456281400486283
earnings_calls,2025,4,2025-Q4,Capex,capex,0.0005064054439860445,-1.3526838070108274
earnings_calls,2025,4,2025-Q4,AI,ai,0.0015906826825997057,2.3394874472591076
earnings_calls,2026,1,2026-Q1,Demand,demand,7.36552939364899e-05,0.16666034644318742
earnings_calls,2026,1,2026-Q1,Inflation,inflation,0.0005155591912300053,1.469556616787695
earnings_calls,2026,1,2026-Q1,Employment,employment,6.114248698820394e-07,-0.5972571487681485
earnings_calls,2026,1,2026-Q1,Capex,capex,0.000749561088516525,-0.3467802228675902
earnings_calls,2026,1,2026-Q1,AI,ai,0.0013035541129521,1.4466632997781415
earnings_calls,2026,2,2026-Q2,Demand,demand,5.7795817672456905e-06,-0.3530712121198242
earnings_calls,2026,2,2026-Q2,Inflation,inflation,-0.0002209175190838,-1.6442992854998424
earnings_calls,2026,2,2026-Q2,Employment,employment,-3.2092638580341883e-06,-0.7291153764341566
earnings_calls,2026,2,2026-Q2,Capex,capex,,0.0
earnings_calls,2026,2,2026-Q2,AI,ai,0.0010025394624197,0.5106604872725332
