central_bank,region,period_year,period_quarter,year_quarter,sentence_count,token_count,avg_sentence_length,long_word_share,complexity_score,demand_net,pricing_net,supply_pressure_net,capex_net,inflation_net,gdp_growth_net,ai_net,unemployment_net,uncertainty_net,rates_net,financial_conditions_net,overall_net_tone,hawkish_dovish_net,demand_raw,demand_zscore,inflation_raw,inflation_zscore,employment_raw,employment_zscore,capex_raw,capex_zscore,ai_raw,ai_zscore,hawkish_dovish_raw,hawkish_dovish_zscore
BOC,Canada,2020,1,2020-Q1,128.14285714285714,2415.5714285714284,19.37854085808454,0.20521771573763972,3.9807603456606073,0.0,0.0,-4.730368968779565e-05,0.0038639325534913513,-0.004259149712383026,0.001378414463707489,9.46073793755913e-05,0.0003013435274477824,-0.001787148694051312,0.00045135197651133713,0.0,0.003966950264274772,-0.3803021978021978,0.0006892072318537445,-0.0454183103986306,-0.0014354844673569406,1.7965757015570405,0.0003013435274477824,-0.13334456315008497,0.0038639325534913513,3.2054389671151804,9.46073793755913e-05,-0.23421365333535007,-0.3803021978021978,-1.2152151934804611
BOC,Canada,2020,2,2020-Q2,167.7,3214.0,19.754334723475516,0.20522282980955095,4.0723887960172345,-3.407912121458064e-05,-0.0002621082313847655,-0.00014494524473800618,0.0004905197570278724,-0.006514798257912902,0.0004924087979742096,0.0,-5.746492232214114e-05,-0.0015323386355783602,4.51610744990466e-05,-0.00014534883720930232,0.00023251029342629962,-0.17395,0.00022916483837981445,-0.7062717665506036,-0.0023072839113452244,1.3810272169109477,-5.746492232214114e-05,-0.5964066856518894,0.0004905197570278724,-0.9442839181012528,0.0,-0.33666924086290023,-0.17395,-0.7961242943895819
BOC,Canada,2020,3,2020-Q3,101.57142857142857,2022.7142857142858,20.347168127608086,0.21314201053122314,4.353970468807042,0.0,9.341036632200938e-05,0.0,0.0006783949855977635,-0.009774916025024751,0.00030692176183382116,0.0,-0.00031946461183303773,-0.0007296710786909758,0.00041297141199746277,3.979307600477517e-05,0.0023532869966108893,-0.4047619047619047,0.00015346088091691058,-0.8150209223750376,-0.0032271685529009137,0.9425586316375459,-0.00031946461183303773,-0.93453175599938,0.0006783949855977635,-0.7131737093598051,0.0,-0.33666924086290023,-0.4047619047619047,-1.2648916238282935
BOC,Canada,2020,4,2020-Q4,128.3,2304.8,19.153764830086367,0.20330723794041622,3.927508074475784,-7.94912559618442e-05,2.5726781579624392e-05,-5.534034311012728e-05,0.0012063520561642093,-0.005924822980493476,0.0007578023670734157,5.105651393111602e-05,-0.00021206106818695805,-0.0008796615750181633,3.325573661456601e-05,7.528955034941619e-06,0.0033476149494315577,-0.6365000000000001,0.0003391555555557858,-0.5482694897571847,-0.0019848121806746596,1.534735320242976,-0.00021206106818695805,-0.7959215507022089,0.0012063520561642093,-0.06371997501747546,5.105651393111602e-05,-0.2813773052184948,-0.6365000000000001,-1.7355399993790908
BOC,Canada,2021,1,2021-Q1,134.57142857142858,2530.4285714285716,19.680805432746997,0.20692998003190197,4.096598346035167,0.0,-7.47436610900228e-05,0.0,0.0008611238609407309,-0.005563883841213541,0.001165871167872053,0.00026350461133069827,-0.00039850959449299814,-0.0014054534507692497,0.0002463054187192118,3.290123050602092e-05,0.006831171522657791,-0.4798185941043084,0.0005829355839360265,-0.19807812352380813,-0.0018795425007678546,1.584912750689972,-0.00039850959449299814,-1.036543672015043,0.0008611238609407309,-0.48839416367375377,0.00026350461133069827,-0.0513054568928857,-0.4798185941043084,-1.4173279717534317
BOC,Canada,2021,2,2021-Q2,94.75,1504.25,19.023845381526105,0.21817172028541026,4.188559868002378,0.0,0.00018328445747800586,0.0,0.001135140019918554,-0.009436680726364749,0.0009881738678545774,0.0,-0.000699434788053053,-0.001387560794306049,0.0004409171075837742,0.0,0.009539520085133209,-0.4325520833333334,0.0004940869339272887,-0.3257097032774222,-0.003084465422962248,1.0105789427414196,-0.000699434788053053,-1.4249042553110547,0.001135140019918554,-0.15131975433332334,0.0,-0.33666924086290023,-0.4325520833333334,-1.3213320739298242
BOC,Canada,2021,3,2021-Q3,65.25,1289.0,20.363356183866195,0.2198910875388159,4.480525420982475,0.0,0.0,-0.004940251536563881,0.0012206502613378856,-0.010545775893342458,0.0008666258428706167,0.0,0.0,-0.0024933586511699693,0.0009514133288643093,9.502090459901178e-05,0.008368119940422124,-0.16443181818181818,0.00043331292143530836,-0.4130119101376784,-0.005162009143302113,0.02030514671358103,0.0,-0.5222450294340526,0.0012206502613378856,-0.046131380674996274,0.0,-0.33666924086290023,-0.16443181818181818,-0.7767933475017956
BOC,Canada,2021,4,2021-Q4,101.85714285714286,1921.7142857142858,19.431237737162736,0.21231680919116577,4.11934408758431,0.0002520574479372679,8.173380261317292e-05,-0.004821846620626287,0.0007217735512218921,-0.010871793763427397,0.0006633422005493953,5.213764337851929e-05,0.0004938645429479314,-0.0008876887018325711,0.00043318633150906966,-4.9897709695124994e-05,0.004366496856075913,0.33013392857142854,0.00045769982424333157,-0.3779799886579514,-0.00520396886048017,0.00030479341012696763,0.0004938645429479314,0.11511444086965406,0.0007217735512218921,-0.6598126067141336,5.213764337851929e-05,-0.28020649007217,0.33013392857142854,0.2276447233010669
BOC,Canada,2022,1,2022-Q1,102.0,1869.2857142857142,18.617169226446702,0.20462873390990013,3.8201884167969324,0.00046051504261768655,0.0001327181429052907,-0.0023006994194019396,0.0017351507446332248,-0.014851581659056602,0.0018765476713533617,4.95000495000495e-05,-0.00013042254321670748,-0.0021289972684045214,0.0003739715781600599,4.507956543298923e-05,0.00733073708874997,0.9257675438596492,0.001168531356985524,0.6431334604900839,-0.005673187645184416,-0.2233511819359079,-0.00013042254321670748,-0.6905625250859464,0.0017351507446332248,0.5867690554127101,4.95000495000495e-05,-0.2830628870283192,0.9257675438596492,1.4373465341786662
BOC,Canada,2022,2,2022-Q2,107.1,1937.1,18.00721591439831,0.19729621371165446,3.5736580832721585,8.257638315441784e-05,0.00010942833500805124,-0.0008717760295312037,0.0012547405840534636,-0.015891472588782204,0.00016616745413132114,0.0,0.0007637750168317415,-0.0014506623334981645,-0.0008941736776904349,0.0,0.005640987124643271,0.81275,0.00012437191864286948,-0.8568073784220797,-0.005551273427768452,-0.1652400318848661,0.0007637750168317415,0.4634488153868887,0.0012547405840534636,-0.004195987388543642,0.0,-0.33666924086290023,0.81275,1.2078136066225207
BOC,Canada,2022,3,2022-Q3,91.0,1640.6,18.99638977259338,0.19393492126528747,3.6849091015906916,5.017561465127947e-05,0.0,-0.0013768818968025109,0.0010110294117647058,-0.020803615370507483,4.4934334976490936e-05,0.0,0.00030935808197989176,-0.0009867109452693788,-0.00026041666666666666,0.0,0.0015193087777633414,0.6,4.7554974813885204e-05,-0.9671553453498125,-0.007393499089103331,-1.0433480499878727,0.00030935808197989176,-0.1230013378583597,0.0010110294117647058,-0.3039914438146936,0.0,-0.33666924086290023,0.6,0.7757290941665311
BOC,Canada,2022,4,2022-Q4,108.27272727272727,1941.6363636363637,18.309113071439185,0.18782980231697988,3.459558296113629,-9.523670227180757e-05,0.0004076606078894864,-0.0010069201737084854,0.00026835893696367376,-0.018083866987659906,0.001230213475875024,7.141326858530316e-05,-8.616774061171184e-05,-1.099599655895922e-05,-0.0007853645487821279,-4.272043745727956e-05,0.0029290177966540976,0.5954524029891677,0.0005674883868016082,-0.2202681080968705,-0.006227708851159635,-0.48766707297726875,-8.616774061171184e-05,-0.6334492579978719,0.00026835893696367376,-1.2175697253363875,7.141326858530316e-05,-0.2593318445788036,0.5954524029891677,0.766493154155853
BOC,Canada,2023,1,2023-Q1,121.5,2229.0,18.524955870582804,0.1932141368603093,3.5826489110535524,-0.00019950054551552278,0.0009165077259177091,-0.0008661004367786226,0.0010199322248139492,-0.02071061971896681,0.001982045152634924,0.0,0.0010179941383889784,-0.0006479599064933649,-0.002802212476839256,-0.00010466089868825007,0.0055344591743956536,0.7844458486519608,0.0008912723035597005,0.24484928862872857,-0.006886737476609241,-0.8017970584142193,0.0010179941383889784,0.7915326330459285,0.0010199322248139492,-0.2930398617575023,0.0,-0.33666924086290023,0.7844458486519608,1.1503293037520244
BOC,Canada,2023,2,2023-Q2,81.5,1437.375,19.453736429023138,0.19321253474390937,3.798100257515359,0.0004067900829068568,0.0,-0.0003815549500798017,0.001001518799046091,-0.01637122073978784,0.001071116282655089,2.8795208477309375e-05,0.0018142689736665718,-0.0003918055160717906,-0.004421139991132737,-0.0005030920859885209,0.0041001017602877166,0.818101222826087,0.000738953182780973,0.0260420247056566,-0.005584258563289215,-0.18096259649077215,0.0018142689736665718,1.819169288634313,0.001001518799046091,-0.3156906960651862,2.8795208477309375e-05,-0.305485309736253,0.818101222826087,1.2186816701047918
BOC,Canada,2023,3,2023-Q3,69.25,1278.75,20.03252434135166,0.2286021305586523,4.701730500349829,0.00012732814575290504,0.0013531276115095474,-0.0001966955153422502,0.0,-0.030102549085958552,0.0007981886547947861,0.0,0.002749651869630458,-0.00026606288493159536,-0.003131636306889173,0.0,0.00432321599236846,1.0,0.0004627584002738456,-0.370713316063435,-0.009648705663263752,-2.1183059212260464,0.002749651869630458,3.0263325798964376,0.0,-1.5476850386291963,0.0,-0.33666924086290023,1.0,1.5881089060696842
BOC,Canada,2023,4,2023-Q4,102.3,1815.1,18.739620484424247,0.17956457172012494,3.3935234816062136,-1.3841759762830747e-05,0.0008025944732280162,-0.0005525906561711592,0.00015530724623402694,-0.02019480478996883,0.001435657436222641,0.0,0.0006546842402286446,-0.0013585440246406699,-0.00063959289327426,-0.0001820297035433572,0.0027728287313259535,0.40905906593406594,0.0007109078382299052,-0.014245268679613416,-0.006648266990970657,-0.6881286572432004,0.0006546842402286446,0.3226611427677178,0.00015530724623402694,-1.3566375526491439,0.0,-0.33666924086290023,0.40905906593406594,0.38793769391379157
BOC,Canada,2024,1,2024-Q1,93.125,1678.0,17.854793147196325,0.18206056101351192,3.251969667947037,-0.00028165140870058906,-2.744454650579654e-05,0.0001742389177125186,0.0014041780882137079,-0.02177980867102592,0.0020980363298880853,8.19672131147541e-05,0.0014548281892942496,-0.00034236753127410766,-0.0021062152120910086,0.0,0.0059585185658602435,0.27889711850649357,0.0009081924605937482,0.2691551882875568,-0.0072110047666064,-0.9563610259732825,0.0014548281892942496,1.3552911034023645,0.0014041780882137079,0.17963097608699052,8.19672131147541e-05,-0.24790239166894898,0.27889711850649357,0.12358534799339327
BOC,Canada,2024,2,2024-Q2,75.2,1268.1,16.936961537258433,0.19710390491743066,3.3403123597020477,0.0002270303288972513,0.00010967643491140294,-1.0040870120234072e-05,0.0020081820390856,-0.017595244712169934,0.003435079969631516,2.9744199881023203e-05,0.00162655177117006,-0.0003759021740483293,-0.0019323670204048405,0.0,0.013272377601406721,0.12022304084804088,0.0018310551492643837,1.5948525718619526,-0.005831869715792922,-0.2989879518794722,0.00162655177117006,1.5769098706248599,0.0020081820390856,0.9226319572660125,2.9744199881023203e-05,-0.30445759421905116,0.12022304084804088,-0.19867369541180696
BOC,Canada,2024,3,2024-Q3,102.375,1650.75,18.78218579300817,0.20506037977586206,3.8903952984348917,0.0,0.00021830403067442142,-0.00017933774875506192,0.0009605545206190225,-0.02085255961919658,0.0009119524558566064,0.00452416666348398,0.00027590346791902767,-0.00200715720853209,0.0,0.0,-0.005182725281973404,0.3931818181818182,0.0004559762279283032,-0.38045594434802593,-0.006937864445759074,-0.826167037887441,0.00027590346791902767,-0.16617636510321973,0.0009605545206190225,-0.36608192118990085,0.00452416666348398,4.562802202475665,0.3931818181818182,0.35569180505751463
BOC,Canada,2024,4,2024-Q4,81.16666666666667,1387.0,22.774075739548888,0.1838401515320215,3.8755197331542983,0.0003940110323089046,0.00025557557947602274,-4.7001316036849034e-05,0.0013912951347256105,-0.026102754334332404,0.003996138534516929,0.00017006802721088437,0.0,-0.0011798545205108616,-0.0002562633538357456,0.0,0.01080846924373373,0.0484375,0.0021950747834129166,2.117768800337464,-0.008631393356964409,-1.633397849524873,0.0,-0.5222450294340526,0.0013912951347256105,0.16378331967957363,0.00017006802721088437,-0.15249312518837552,0.0484375,-0.3444665058405509
BOC,Canada,2025,1,2025-Q1,130.66666666666666,2313.0,17.74402613693118,0.19262610336577968,3.3989677733853227,0.0,0.0007976288819386508,-0.00020018086722415796,0.0011523687760128954,-0.008566421010725628,0.0007625913027452879,0.00014947683109118088,4.291672830826382e-05,-0.004670771202658769,0.00021144147388410474,0.00016041065126724414,-0.0021100144068987967,0.7633333333333333,0.00038129565137264395,-0.4877350078090028,-0.002656324332003712,1.214654986594615,4.291672830826382e-05,-0.46685862113179266,0.0011523687760128954,-0.13012621302600033,0.00014947683109118088,-0.1747924755166812,0.7633333333333333,1.107450850693652
BOC,Canada,2025,2,2025-Q2,101.5,1692.1666666666667,17.89005253299451,0.2112513989870682,3.812314167102203,-7.98792701772098e-05,0.00034805091487669055,-0.0003427330415012386,0.0013330712063749483,-0.017668237646402164,0.0034271151520759023,0.0,0.00016483320571187153,-0.007087591142204308,0.00017932238871340707,0.0,-0.002145653029077545,-0.04324494949494948,0.0016736179409493463,1.3686931467353929,-0.005887639924342237,-0.32557115953218996,0.00016483320571187153,-0.30951867322739396,0.0013330712063749483,0.09216054994405821,0.0,-0.33666924086290023,-0.04324494949494948,-0.5306689335293693
BOC,Canada,2025,3,2025-Q3,97.2,1658.2,20.199231887111004,0.21791695296511696,4.546667484362799,0.0,0.0,-0.00017196904557179707,0.0014579601812486306,-0.015635458532264744,-0.0012661077717988569,5.732301519059903e-05,0.00027953132688271677,-0.004850632944006565,0.0,0.0,0.0026565338456340584,0.6033333333333333,-0.0006330538858994284,-1.9448537580843308,-0.005269142525945514,-0.030760628929507837,0.00027953132688271677,-0.16149441273297793,0.0014579601812486306,0.24578972858707882,5.732301519059903e-05,-0.27459096283674916,0.6033333333333333,0.7824989259323907
BOC,Canada,2025,4,2025-Q4,122.16666666666667,2093.1666666666665,17.479051695788435,0.1908770493771996,3.3358015298057277,0.0,0.0,-4.9588416145988295e-05,0.0024953763936123433,-0.01579358342132581,0.0009814239511342232,0.00044047857197766744,7.069354084279456e-05,-0.00467880303256409,0.0,0.0,0.00042182551076047533,-0.05714285714285713,0.0004907119755671116,-0.3305578497272525,-0.005281057279157266,-0.036439868204340954,7.069354084279456e-05,-0.4310111103587822,0.0024953763936123433,1.521942413622658,0.00044047857197766744,0.14034947779438475,-0.05714285714285713,-0.5588948825315059
BOC,Canada,2026,1,2026-Q1,34.0,589.0,17.2995670995671,0.21031967624545111,3.6358796179350827,0.0,0.0,-0.0007886435331230284,0.0026268788272406753,-0.012742971794395992,0.005253757654481351,0.001707761180181852,0.0,-0.007489214139914642,0.001707761180181852,0.0,0.008402532937465207,-0.2592592592592593,0.0026268788272406753,2.738057710211905,-0.00451053844250634,0.33083260159304245,0.0,-0.5222450294340526,0.0026268788272406753,1.683706980017031,0.001707761180181852,1.512760224651037,-0.2592592592592593,-0.969383094366168
BOE,UK,2020,1,2020-Q1,195.0,4541.363636363636,22.70019912967237,0.2168335679584894,4.929921140278195,-7.924432610625078e-06,0.00017269838810514093,-0.0001496227737841028,0.000576308782328669,-0.004798780187987014,0.00022780295946266737,0.000187012987012987,-2.7244670912208004e-05,-0.0006095127157645608,4.684586772600789e-05,-0.00019582308692950352,-0.0004014467366293715,0.33251748251748253,0.00010993926342602114,-0.16963790523819253,-0.0015919015245553253,0.4181218361526737,-2.7244670912208004e-05,-1.0310452881683125,0.000576308782328669,-0.2462701633532409,0.000187012987012987,-0.34012868578437244,0.33251748251748253,-0.034689120778774014
BOE,UK,2020,2,2020-Q2,154.0,3482.0,24.30210862870869,0.1992265835628423,4.83263932825992,-1.929719611740414e-05,0.0,-0.00011302836478147005,0.0006717561629442631,-0.004777487423693986,7.718878446961657e-05,0.0,-9.648598058702072e-05,-0.0014569485590683426,4.597951641197696e-05,-5.5783388303768755e-05,-0.003099790143657789,0.11755952380952381,2.8945794176106214e-05,-0.7935830821509312,-0.0016301719294918185,0.38536260603514294,-9.648598058702072e-05,-1.2623203848895037,0.0006717561629442631,-0.04771449330027974,0.0,-0.5960998696122491,0.11755952380952381,-0.5955801933007943
BOE,UK,2020,3,2020-Q3,254.0,5498.153846153846,22.68679626891982,0.19903427740849075,4.560828674250992,2.7443124125250417e-05,-4.598308890342246e-05,-8.951488251534177e-05,0.0013711000922986766,-0.0026270337980705835,-3.743859173017299e-05,-5.387175143415089e-07,-7.35542904217603e-05,-0.00108075844178072,-1.0420816155541125e-05,-0.00015425680287474604,-0.004194104068816605,-0.11862603012219383,-4.997733802461286e-06,-1.0550720733716898,-0.0009208439231631159,0.9925429958609463,-7.35542904217603e-05,-1.1857255185321418,0.0013711000922986766,1.4071049223280792,-5.387175143415089e-07,-0.5968372310227978,-0.11862603012219383,-1.2118605555410584
BOE,UK,2020,4,2020-Q4,155.41176470588235,3630.294117647059,24.62725847429729,0.2005471425109575,4.9553356124256505,0.0,-6.596274724359562e-06,-0.0002011223218844036,0.0019315297309834025,-0.0027339635081625987,0.00010303398194731408,0.001414318569831381,-8.916595809863351e-06,-0.0009269931284212272,3.4944670937682e-05,-4.659289458357601e-05,-0.0009133814633451942,-0.06439950980392156,5.151699097365704e-05,-0.619702527219709,-0.0009805607015904538,0.9414258025721622,-8.916595809863351e-06,-0.9698271026383826,0.0019315297309834025,2.572946056038608,0.001414318569831381,1.3397271786148754,-0.06439950980392156,-1.0703669754788527
BOE,UK,2021,1,2021-Q1,152.71428571428572,3634.785714285714,24.28467462739442,0.1928806901105979,4.697078003481488,0.0,-2.917181998381423e-05,-0.00012151652791235847,0.0007734010307996638,-0.003810301640313336,0.00039127933239880734,7.47313930849425e-05,1.596583334052238e-05,-0.0007943054117766548,5.551324943376436e-05,-0.00027887952348040914,-2.0331181394001472e-05,0.027008928571428583,0.00019563966619940367,0.49056783067041326,-0.0013203299960698363,0.6505853862454599,1.596583334052238e-05,-0.8867165110646507,0.0007734010307996638,0.1637335811707802,7.47313930849425e-05,-0.49381241106408574,0.027008928571428583,-0.831854396804952
BOE,UK,2021,2,2021-Q2,156.14285714285714,3537.809523809524,24.18260236124839,0.198971182892453,4.8320440191868625,8.694366919672744e-06,-1.4159693017855372e-05,-0.00024596071537110354,0.0006825355729714383,-0.0015750725031459152,-2.9531832367963365e-05,0.0002679471191268373,1.9032393133112558e-05,-0.00029097437672604055,-1.1438637429509396e-05,-3.017223942592406e-05,0.0004923266617803326,0.08264652014652014,-1.041873272414531e-05,-1.0968335408400989,-0.0006117309705116247,1.257141773036767,1.9032393133112558e-05,-0.8764737973441362,0.0006825355729714383,-0.025290483684538855,0.0002679471191268373,-0.22935132245705778,0.08264652014652014,-0.686678900169852
BOE,UK,2021,3,2021-Q3,168.33333333333334,4203.333333333333,25.551559582583877,0.17856674967616418,4.580976271313629,3.0458089668615983e-05,0.00016112773206973204,-0.0015798579850100818,0.0004833878982752148,-0.0062382423873459675,0.0004014832218045837,3.353791461246939e-05,4.3458472975419216e-05,-0.0008020925581421672,0.0,-5.954507562224604e-05,0.0017310856089878413,0.6357655502392344,0.00021597065573659985,0.6471906174343008,-0.002552324213428773,-0.40399405018594436,4.3458472975419216e-05,-0.7948874725825185,0.0004833878982752148,-0.43957005567247287,3.353791461246939e-05,-0.5501953586818085,0.6357655502392344,0.7565778551779816
BOE,UK,2021,4,2021-Q4,166.83333333333334,3880.6666666666665,24.22740305482886,0.20813659465878678,5.090305372649766,0.00015429398372974402,0.00015429398372974402,-0.0009771769460621563,0.0008884502633769442,-0.004999091564984507,0.0002687709735894082,5.000500050005001e-05,0.00023408239700374532,-2.08959642075409e-05,0.0,-4.1356492969396195e-05,0.0012623815285712602,0.5,0.00021153247865957612,0.6130004634979507,-0.0019406581757723063,0.11958829799974827,0.00023408239700374532,-0.15817845199821964,0.0008884502633769442,0.40306626181774063,5.000500050005001e-05,-0.5276562851331537,0.5,0.4023240022714085
BOE,UK,2022,1,2022-Q1,167.14285714285714,3568.714285714286,22.39490590542211,0.2070068693960501,4.61709825650657,0.0,7.59008364334062e-05,-7.855409819261512e-05,0.00034829252328053207,-0.007605990360290061,0.00033084233205974556,0.0,1.6298590171950127e-05,-0.0012703128483664069,4.208822778299102e-05,0.0,0.0018009847904394125,1.0,0.00016542116602987278,0.2577751424582661,-0.00253621454068309,-0.3902042698721567,1.6298590171950127e-05,-0.8856050594076194,0.00034829252328053207,-0.7206039879828455,0.0,-0.5960998696122491,1.0,1.7069769583502417
BOE,UK,2022,2,2022-Q2,150.5,3411.25,23.443239724395383,0.19718709064971976,4.62151484653335,0.0,0.00011445734431069269,-0.00021335466833603044,0.001125674116486378,-0.004881805843345806,0.00016263803890463296,-1.3146823727387464e-05,2.4033259389772748e-05,-0.0005791144710910608,-3.160361701880877e-05,-6.499386463327048e-05,-0.0010761978580161786,0.57109375,8.131901945231648e-05,-0.3901181903134939,-0.0016602343891237144,0.35962932637388784,2.4033259389772748e-05,-0.8597702451925288,0.001125674116486378,0.8965543052077266,-1.3146823727387464e-05,-0.6140943847891128,0.57109375,0.5878293444638675
BOE,UK,2022,3,2022-Q3,178.07692307692307,3824.230769230769,23.319662806345903,0.2017192505298787,4.677773736586197,3.506234600777597e-05,7.570738509748493e-05,-0.000262808683243107,0.001642523453024148,-0.0033800888742229708,0.0002781772045847519,0.00037132791878690644,0.00010213799165104036,-0.0012846524066599065,-1.529285823520416e-05,-0.00010675940972320221,-0.002536539772668632,0.3957875457875458,0.00015661977529626394,0.18997232638904987,-0.001189063390789531,0.7629487891480538,0.00010213799165104036,-0.5988901492939632,0.001642523453024148,1.9717369416594466,0.00037132791878690644,-0.08785042406104003,0.3957875457875458,0.13040182937439174
BOE,UK,2022,4,2022-Q4,156.66666666666666,3637.25,23.515934028565365,0.20133951276847817,4.745671398567187,-4.2109682049218e-05,8.347643484353846e-06,-0.00011525674883795045,0.000746200254711465,-0.007757243970312847,-3.5119609436968075e-05,0.0,0.0002101562637894682,-0.001063013497072061,-0.00014813205150941637,-0.00024466472592936996,-0.0020830481745221707,0.7675189393939394,-3.861464574309304e-05,-1.3140449296070025,-0.0026213843585554814,-0.4631091076281147,0.0002101562637894682,-0.23809488915522684,0.000746200254711465,0.10714880862574416,0.0,-0.5960998696122491,0.7675189393939394,1.1003627524461632
BOE,UK,2023,1,2023-Q1,161.36363636363637,3304.0,22.16847686029716,0.20668242506580475,4.623486278490409,1.9138755980861247e-05,0.000179269225562799,-0.0002951169976619424,0.0005358728569945054,-0.00941537749652266,9.881725381587926e-05,8.432995352530458e-05,0.0005824493260118598,-0.0014273513496709364,-0.0002866774296444596,-0.00019959291193050142,-0.0011540906350983515,0.6042695866225278,5.897800489837025e-05,-0.5622255022655213,-0.0031770750895406016,-0.9387769392261494,0.0005824493260118598,1.005412987551396,0.0005358728569945054,-0.3303875293527497,8.432995352530458e-05,-0.480674527336298,0.6042695866225278,0.6743952511038063
BOE,UK,2023,2,2023-Q2,166.92307692307693,3711.0,22.381397377484177,0.20884260091117654,4.666743722428003,1.2184868829887047e-05,2.9014606791261125e-05,-0.0002705673745853435,0.0018303550597970617,-0.0068585192094885155,0.00023105576472874816,2.659803670005323e-05,0.0007502252738524576,-0.0016310281441577394,-6.160541295007781e-05,-4.809952729826752e-05,0.0013476472048788149,0.750206043956044,0.0001216203167793176,-0.07965118200547519,-0.002366690659094199,-0.24509287487638712,0.0007502252738524576,1.565806757492443,0.0018303550597970617,2.3624761143783144,2.659803670005323e-05,-0.5596942111050294,0.750206043956044,1.055188112023495
BOE,UK,2023,3,2023-Q3,144.5,3485.75,24.613161786448934,0.2064974509240651,5.117169137404351,-3.759398496240601e-05,-1.6212710765239948e-05,-0.0001788636606180877,0.00026140039057399156,-0.006185007637034558,9.270188427656425e-05,0.00026665157658544266,0.0009784349687134617,-0.001201551552386303,-0.00045467904416494984,-0.00013724198506807203,0.003541325012535547,0.7638888888888888,2.755394965707912e-05,-0.804305362387869,-0.0021266946694726285,-0.039657790916756024,0.0009784349687134617,2.328057204509786,0.00026140039057399156,-0.9013624909465109,0.00026665157658544266,-0.23112457662147112,0.7638888888888888,1.0908908402019037
BOE,UK,2023,4,2023-Q4,173.0625,4002.1875,22.870596397582645,0.2053113059963836,4.721651373235222,0.0,2.9778920502719206e-05,-0.00021787226231435817,0.00043408337577444903,-0.0065583982819786574,0.00016020716553380654,7.116046010862132e-05,0.0005688550387654707,-0.0012459999477583742,-0.0008573008154144043,-5.151180574652954e-05,0.00045124695984530196,0.28245710784313727,8.010358276690327e-05,-0.3994814866968893,-0.002248830541263432,-0.1442053423795546,0.0005688550387654707,0.9600062771276621,0.00043408337577444903,-0.542136437679413,7.116046010862132e-05,-0.49870007130586064,0.28245710784313727,-0.16531195238137103
BOE,,2024,1,2024-Q1,129.75,3240.6666666666665,25.547423772464636,0.204910307574116,5.252029060785255,-7.34033745530956e-05,0.00011284692621738747,-0.0003328066456865829,0.000853144261159841,-0.008866820948185417,0.00019740534113487086,0.0003872328476797609,0.0007064017603071081,-0.00030142649850949257,-0.00028197755521329617,-0.00016196896290070014,0.0009379204175793096,0.6295833333333333,6.200098329088764e-05,-0.5389375408361542,-0.0030289268892182038,-0.8119629952944605,0.0007064017603071081,1.4194304485886562,0.000853144261159841,0.3296204859159246,0.0003872328476797609,-0.0660807943554868,0.6295833333333333,0.7404465600551726
BOE,UK,2024,1,2024-Q1,113.0,2731.0,23.21420892414061,0.19280159846582284,4.4769546244543825,-3.560444239160254e-05,-3.560444239160254e-05,0.0,0.00011482805102697588,-0.012290198510822121,0.00045874352331866256,3.961180431768667e-05,0.0005265137269650245,-0.0005643013034522914,-0.004472697216432171,0.0,-9.390592023723154e-05,0.6,0.00021156954046353002,0.6132859745896335,-0.004108600984404575,-1.736157348472583,0.0005265137269650245,0.8185807173290373,0.00011482805102697588,-1.206271529856616,3.961180431768667e-05,-0.5418818144562598,0.6,0.6632545934871751
BOE,,2024,2,2024-Q2,152.92857142857142,3754.1428571428573,25.282103289973097,0.21207916911349914,5.3744906813797755,0.0,0.0001461335038522859,-0.00022860189491646053,0.0008904832501369055,-0.005227843995278171,5.1361665876534296e-05,0.0012361293659627706,0.0003061987596306095,-0.00026588651775278727,-0.00023022634067000096,-4.960022299562446e-05,0.000324994875971789,0.3599107142857143,2.5680832938267148e-05,-0.8187351942412386,-0.0017701041287807818,0.26558150821383064,0.0003061987596306095,0.08269970036543471,0.0008904832501369055,0.40729540928862434,0.0012361293659627706,1.0958334138656516,0.3599107142857143,0.036788200827178354
BOE,UK,2024,2,2024-Q2,151.0,3766.5,24.692530641409434,0.20361013564877362,5.036321372228786,0.0,0.0,-3.508033396477934e-05,0.00012251617529047019,-0.015884079666065608,1.9175075394639264e-05,0.0,0.00028162865743617974,-0.0008770804185568664,-0.0027226995616250866,-9.604107524739334e-05,-0.0006096021960797824,0.782449494949495,9.587537697319632e-06,-0.9427122758407217,-0.005306386666676796,-2.7614544902758285,0.00028162865743617974,0.0006323219730622786,0.00012251617529047019,-1.1902782081463381,0.0,-0.5960998696122491,0.782449494949495,1.1393211393290728
BOE,,2024,3,2024-Q3,153.0,3786.125,24.878968670098107,0.20436950749356222,5.137041952401907,-3.294657579634605e-06,0.00023633260021089077,-0.00017070056004651923,0.00047044843651069423,-0.00454086030277703,0.00026332466960907197,0.0019333053036663579,0.0003644241189304991,-0.0001874768272137728,-0.0003368081739206754,-3.838685263394172e-05,0.0016010879957159912,0.38406519396551725,0.00013001500601471868,-0.014981451117076534,-0.0014917427542042192,0.5038571245998584,0.0003644241189304991,0.2771800715044358,0.00047044843651069423,-0.46648754135106146,0.0019333053036663579,2.050082383205436,0.38406519396551725,0.09981462746078039
BOE,UK,2024,3,2024-Q3,138.5,3142.25,23.053575395228755,0.21724682476070323,5.006779369137492,-6.162188809465122e-05,0.0,-0.00012780322495765587,0.0001985440105890139,-0.01621533716089904,0.0007283718671683429,0.0,-6.162188809465122e-05,-0.0026748549158984907,-0.002504044759594889,-3.309066843150232e-05,-0.0059264558344644495,1.0,0.00033337498953684585,1.5516322779993428,-0.005447713461952232,-2.8824293536430674,-6.162188809465122e-05,-1.1458697226888959,0.0001985440105890139,-1.0321203028898773,0.0,-0.5960998696122491,1.0,1.7069769583502417
BOE,,2024,4,2024-Q4,137.0,3318.764705882353,24.252242699227935,0.19527911692900388,4.833922572013268,0.0,-0.00010107048605636289,-0.0001227266156999688,0.0009032339533500362,-0.0030737044758932216,0.0002279327332071416,0.001971361589146311,0.00024449796741745424,-0.0011337217045560807,-6.969598928426393e-05,-0.0001099861336258621,0.0007792322519198833,0.20793710646651822,0.0001139663666035708,-0.13861451992290416,-0.0010991671925498511,0.83989937928975,0.00024449796741745424,-0.12338907458537215,0.0009032339533500362,0.4338202275057518,0.001971361589146311,2.102171345592411,0.20793710646651822,-0.3597574325473805
BOE,UK,2024,4,2024-Q4,139.66666666666666,3185.1111111111113,22.940246336744323,0.1889395886796579,4.404094465475717,9.628345850182938e-05,-6.151357214080041e-05,-0.00021074311708726927,0.00015102407996338466,-0.0052435578712621295,0.00030717565402021887,0.0031067958246975332,0.0006874866440491268,-0.0012894270415586982,-9.824731404627169e-05,-2.6398458330033526e-05,-0.00016995839734330832,0.21339931885908897,0.00020172955626102413,0.5374822000271858,-0.001838604853496733,0.20694531118609427,0.0006874866440491268,1.356251468257374,0.00015102407996338466,-1.1309742641551117,0.0031067958246975332,3.656279699642514,0.21339931885908897,-0.3455048494579848
BOE,,2025,1,2025-Q1,153.1764705882353,3863.5882352941176,25.809289935250536,0.2018613537564783,5.24472408121131,-6.83329432014516e-05,0.00022382206712952838,-0.00017026786298620665,0.00038981651074015516,-0.005163975025658293,0.0003686380567637153,0.0003028795738110092,0.0002174145766414194,-0.001172390368493135,-0.00020995673571616862,-3.7562917887461504e-05,0.00011392252588742445,0.24811952809417312,0.00015015255678113186,0.14015115144831022,-0.001703473607171657,0.32261682293983257,0.0002174145766414194,-0.21385116796116757,0.00038981651074015516,-0.6342231664229381,0.0003028795738110092,-0.1815380559971183,0.24811952809417312,-0.2549092022295285
BOE,UK,2025,1,2025-Q1,154.28571428571428,3549.0,22.4621152225542,0.1940346696892829,4.349409186236273,-2.6954177897574123e-05,3.25391952171931e-05,-2.9534244957027673e-05,0.00036531830836201886,-0.006415474858535477,0.0012922754715271288,0.000170590242238144,0.00017665944424235714,-0.002647806462036079,-0.0002066185724000967,-8.860273487108303e-05,0.0015030535907111634,-0.06101576994434137,0.0006326606468147774,3.8572236313160224,-0.0021374899694251042,-0.04889850096196637,0.00017665944424235714,-0.34997867958313167,0.00036531830836201886,-0.6851858744292925,0.000170590242238144,-0.3626070681088456,-0.06101576994434137,-1.0615377630580467
BOE,,2025,2,2025-Q2,124.07142857142857,3009.785714285714,25.065503298912375,0.21870655967201671,5.502547720427621,-7.456009543692215e-05,-3.153240331317444e-06,-0.00014198146614928983,0.001082448740891737,-0.0037192676624598193,0.00018428635556154462,0.0009159537587217782,0.00016762020937386278,-0.000903299533205669,-8.132254168946172e-06,-3.306878306878307e-05,-0.0005406074119887734,0.10891053391053392,5.4863130062311235e-05,-0.5939250495418138,-0.0012881341229801422,0.678144854642262,0.00016762020937386278,-0.3801709149454425,0.001082448740891737,0.8066341485818399,0.0009159537587217782,0.6575979173512048,0.10891053391053392,-0.6181480537784205
BOE,UK,2025,2,2025-Q2,117.85714285714286,2654.0,22.476221731438734,0.2017148745428508,4.567749951330849,-0.0001241109583485209,2.218233133784512e-05,-0.00018240807333017934,0.0007361237267909726,-0.004793649575604373,0.0005737920858485295,7.228307241547013e-05,0.000429549015045936,-0.001805292737288236,-0.00020104630146924136,-5.078444701595218e-05,0.0009271247084955007,0.03172922786356573,0.0002248405637500043,0.7155212665085677,-0.0016512917725322355,0.3672841509115231,0.000429549015045936,0.494705804607865,0.0007361237267909726,0.08618697876559757,7.228307241547013e-05,-0.49716351277185955,0.03172922786356573,-0.8195376919548247
BOE,UK,2025,3,2025-Q3,117.0,2525.1666666666665,21.79066311537211,0.21920929100450448,4.777485347523382,-3.562776115148924e-05,3.562776115148924e-05,-3.5842293906810036e-05,0.00044150242959014886,-0.006642422209072356,0.0006170369398620846,0.0001490757304710793,0.0004275331338178709,-0.00038402083540643245,-0.00024960886081574547,0.0,-0.0009205647592839095,0.44951876218323594,0.00029070458935529766,1.222914535238356,-0.002214212247275892,-0.11457229666456814,0.0004275331338178709,0.487972495717713,0.00044150242959014886,-0.5267028533103666,0.0001490757304710793,-0.3920547291213499,0.44951876218323594,0.2706030099830889
BOE,UK,2025,4,2025-Q4,124.25,2890.0,22.344784446705436,0.20957160100027616,4.701271779048111,-0.0007526047932873159,-7.939028262940616e-05,0.0,0.0005131770579584818,-0.0057128945659331585,0.0011495562064343468,0.00038170477748181923,0.0009113853585461282,-0.0007025001787300178,-0.001108258173427601,0.0,0.0058342131046662925,-0.8821338383838384,0.00019847570657351545,0.5124156874092911,-0.0019307616161875216,0.12805969184436022,0.0009113853585461282,2.104102672895705,0.0005131770579584818,-0.37760076407874016,0.00038170477748181923,-0.07364725642559145,-0.8821338383838384,-3.2040859936167094
BOE,UK,2026,1,2026-Q1,2.0,35.0,17.5,0.2583732057416268,4.661483253588517,0.0,0.0,0.0,0.0,0.0,0.0,0.0,0.0,0.0,0.0,0.0,0.0,0.0,0.0,-1.0165712913899037,0.0,1.780779703345195,0.0,-0.9400444978893558,0.0,-1.445144094671787,0.0,-0.5960998696122491,0.0,-0.9023289538074246
BOJ,Japan,2020,1,2020-Q1,110.63636363636364,2710.090909090909,25.39429326461851,0.2341867949011574,5.984556510510344,-1.4869004074107116e-05,-0.00016995909894415635,-0.00015418622872346462,0.0020388430421521596,0.00048264669493426095,0.0011916044169968858,0.00011932725238888833,2.2491116009176378e-05,-0.0008270656686287701,0.0003559418380642743,0.0,-4.5061722450850685e-06,-0.49141414141414147,0.0005883677064613893,2.5921267541947737,5.283378908888e-05,1.2610508162507372,2.2491116009176378e-05,-0.7532162059625882,0.0020388430421521596,-0.3520761070953022,0.00011932725238888833,0.3503260291813534,-0.49141414141414147,-0.5825230514597673
BOJ,Japan,2020,2,2020-Q2,49.0,1389.8333333333333,27.31969555462881,0.2379704990982078,6.495822466722541,2.7926720285969615e-05,-3.675930010292604e-05,-0.0003993640694070246,0.001033440081018239,0.0006900949593401817,9.518572766335326e-05,0.0,0.0,-1.227296578721975e-05,0.0007154816535247955,0.0,-0.003136270981538346,-0.6666666666666666,6.155622397466144e-05,-1.2253385323267127,8.4657196610077e-05,1.3111416862017709,0.0,-0.8297146174930407,0.001033440081018239,-1.6364800215860658,0.0,-0.6762281839500717,-0.6666666666666666,-0.9933064037455287
BOJ,Japan,2020,3,2020-Q3,124.41666666666667,2948.9166666666665,24.519594836617177,0.2343937401877526,5.743815510813601,0.0,-0.00012858402169867495,-0.00023953492761426094,0.002515742175498114,5.07265421624619e-06,0.00046288119963176457,2.1123785382340513e-05,-6.297380153780334e-05,-0.0007599700368095233,0.0007974826639733315,0.0,-0.003296650552627699,-0.7193229166666666,0.00023144059981588229,0.005704694815870644,-0.00012101543169889657,0.9874076275454218,-6.297380153780334e-05,-1.0439056689157635,0.002515742175498114,0.25716330970128976,2.1123785382340513e-05,-0.49450346937393247,-0.7193229166666666,-1.1167300797389532
BOJ,Japan,2020,4,2020-Q4,111.76470588235294,2670.6470588235293,24.616322725862705,0.2351444434618259,5.7746969314863765,0.0,-0.00018613774012347424,-0.00031694064243029514,0.002652249255408783,0.00026075360440900935,0.0008558357214802749,6.224712107065048e-05,-2.9282758497877525e-05,-0.0006488708746966256,0.0009023101516531512,6.639218731929287e-05,-0.0002858537506073046,-0.8497058823529412,0.00042791786074013747,1.4294495221470873,-8.077492604825335e-05,1.0507472285597883,-2.9282758497877525e-05,-0.9293132549907769,0.002652249255408783,0.4315513258209404,6.224712107065048e-05,-0.14072566368649037,-0.8497058823529412,-1.422341377769568
BOJ,Japan,2021,1,2021-Q1,131.14285714285714,3388.0,27.193338743420355,0.23464941098000142,6.384745661457138,0.0,-0.0005162833421395542,-0.0006073396570357414,0.002261402807836203,-0.0015349555403152903,0.0007772892118741838,0.0,-9.983028850953379e-06,-0.00023136564922386196,0.0007105417281116003,4.098322774330811e-05,-0.00019983792299358883,-0.6428571428571429,0.0003886446059370919,1.1448614068849703,-0.0008861928464968619,-0.21700149641728406,-9.983028850953379e-06,-0.8636696177273122,0.002261402807836203,-0.06775564524751182,0.0,-0.6762281839500717,-0.6428571428571429,-0.9374980438219795
BOJ,Japan,2021,2,2021-Q2,102.58333333333333,2738.6666666666665,27.803468626674107,0.23217369716194933,6.45466840492707,0.0,-0.00042111561805535934,-0.0005226618574873527,0.003036677625423569,0.0009709583693123287,-9.569382578159597e-06,0.0,0.0,-7.02014032882621e-05,0.0006757502449989874,0.0,-0.000366846401040161,-0.7435267857142858,-4.784691289079798e-06,-1.706068640751743,9.060297923205553e-06,1.1921502042775525,0.0,-0.8297146174930407,0.003036677625423569,0.9226591923935809,0.0,-0.6762281839500717,-0.7435267857142858,-1.1734627656237366
BOJ,Japan,2021,3,2021-Q3,130.16666666666666,3073.5833333333335,26.069287930747794,0.23048530993662253,6.007438188288785,0.0,-0.00020684160699761323,-0.0007336257178126989,0.004500460599068166,0.0004087697005286557,0.0005730624132340676,3.0001200048001923e-05,3.3543008387002147e-06,-0.00029255608401901405,0.0003637195043308754,0.0,0.001021101227626897,-0.8914930555555557,0.0002865312066170338,0.40491102586257227,-0.00017723254142721883,0.8989204367708726,3.3543008387002147e-06,-0.8183057267180726,0.004500460599068166,2.792644316759672,3.0001200048001923e-05,-0.41813242047849974,-0.8914930555555557,-1.5202884690652945
BOJ,Japan,2021,4,2021-Q4,120.16666666666667,3066.4166666666665,24.828695044045972,0.2324501212105172,5.795350859208722,4.0171264288462675e-05,-0.00010065007567811107,-0.002681800864308789,0.003104806576859098,-0.0010470110743919711,0.00044970902770299063,2.9127344751252473e-05,-0.00020895981198093308,-0.0002760147029344736,0.0005540470846243801,1.4563672375626236e-05,-0.001893933555828515,-0.5366258169934641,0.00024494014599572665,0.10352725684905095,-0.0012764873381262904,-0.8313351629108074,-0.00020895981198093308,-1.540443853148642,0.003104806576859098,1.0096940384171633,2.9127344751252473e-05,-0.4256500647599741,-0.5366258169934641,-0.6884970089258259
BOJ,Japan,2022,1,2022-Q1,96.81818181818181,2586.181818181818,32.12170392388732,0.2553018358596557,9.145575337874135,2.5147742990066642e-05,0.0001339941230324826,-0.0015506399913780904,0.003677695723785728,-0.0006508796703157119,0.00031104107378412195,0.00017872036220660073,0.0,-0.00046098272328650076,0.0008408506553036255,0.0,-0.00031526557459825874,0.08778554778554779,0.0001680944083870943,-0.45332456869080573,-0.0006891751795537732,0.09310942826383031,0.0,-0.8297146174930407,0.003677695723785728,1.7415608533427516,0.00017872036220660073,0.8612759244797686,0.08778554778554779,0.7750927068837279
BOJ,Japan,2022,2,2022-Q2,104.16666666666667,2603.6666666666665,25.64724183278335,0.22654053961339637,5.811182503267038,6.462860775444515e-05,4.6031659117097144e-05,-0.0016661586236961547,0.002880919023303362,-0.0019995150198768913,0.0003299983533771554,9.98003992015968e-05,0.0001465779654133683,-0.0004183315543898236,0.0005679932585315438,0.00011200716845878138,-0.0027307511086001606,-0.2679513548363663,0.00019731348056580027,-0.2415926732126431,-0.0012065473281519829,-0.7212477707400125,0.0001465779654133683,-0.33116303317355317,0.002880919023303362,0.723677325408453,9.98003992015968e-05,0.18233947952641869,-0.2679513548363663,-0.05873720329999305
BOJ,Japan,2022,3,2022-Q3,108.4,2686.4,25.398096077475476,0.22647228293258853,5.750537342000943,1.656726308813784e-05,-0.0003789704384508844,-0.0022713564459530987,0.0032009148345414325,-0.001983665361192515,0.0003536399179967117,0.0,0.00045218233702397955,-0.0002280342527450915,-5.042177435480727e-05,0.0,-0.001879979270874591,-0.08933615256447408,0.00018510359054242477,-0.33006992336000546,-0.0015446640818654993,-1.2534523226016667,0.00045218233702397955,0.7082806731963543,0.0032009148345414325,1.1324724935779242,0.0,-0.6762281839500717,-0.08933615256447408,0.35992809954071475
BOJ,Japan,2022,4,2022-Q4,117.85714285714286,2832.0714285714284,25.239032036360264,0.23626973076828542,5.912322424299141,5.2562312720770905e-05,-0.00017474005211540647,-0.0012927650896360674,0.0024230751569247933,-0.001408632087224055,0.0005115402201257162,0.0,0.0003842051864542564,-0.00040237033934379074,0.0001594641087197706,0.0,-3.577540976897199e-05,0.0552136046726383,0.0002820512664232435,0.3724477695668677,-0.0009587124096585097,-0.33114917230071317,0.0003842051864542564,0.4770718689365501,0.0024230751569247933,0.13878104308699088,0.0,-0.6762281839500717,0.0552136046726383,0.6987456644482336
BOJ,Japan,2023,1,2023-Q1,142.58333333333334,3078.75,27.569337626071377,0.24679127832846662,7.076902988078873,0.0,0.00012784701312568156,-0.001063957969537127,0.0019661190828179284,-0.0018063953958661857,0.00047706921974406067,7.994152848202458e-05,0.0003177170929887392,-0.0003662565472640794,0.00015349428706629183,0.0,0.00033174904178087834,-0.43619803234700144,0.00023853460987203034,0.057110440574766067,-0.0009141687840925437,-0.2610363487796568,0.0003177170929887392,0.2509277534677961,0.0019661190828179284,-0.44498108316659485,7.994152848202458e-05,0.011496633511910864,-0.43619803234700144,-0.4530991909470972
BOJ,Japan,2023,2,2023-Q2,103.81818181818181,2545.909090909091,24.279275081566098,0.2314232481079088,5.5998099194311415,0.0,-0.000389050360644118,-0.0003407103476959441,0.0014780064416080264,-0.004150642179794679,2.7213484496697663e-05,1.5649697178359598e-05,0.0005777570570780435,-0.0003922368862059841,-0.00014188317319737139,1.442085832948777e-05,-0.0005497907058835687,-0.3482715813598167,1.3606742248348832e-05,-1.5727977052605644,-0.0016268009627115802,-1.3827379062998966,0.0005777570570780435,1.1353944993220915,0.0014780064416080264,-1.0685457744574887,1.5649697178359598e-05,-0.5415962180658727,-0.3482715813598167,-0.24700388796038586
BOJ,Japan,2023,3,2023-Q3,137.6,3229.9,24.04943455595399,0.2353256953635911,5.65292614245665,0.0,0.0007729319245257627,-0.0007101292078042424,0.0021282174288599826,-0.0007097816884117935,0.00033565746786758875,3.246753246753247e-05,0.001173550700704069,-0.0005943362610938239,9.489372565082326e-06,0.0,0.0001813914732837752,-0.5973648809523809,0.00016782873393379437,-0.4552497412367812,-0.00021565965723009109,0.8384351584739813,0.001173550700704069,3.161850959674521,0.0021282174288599826,-0.23790018303270272,3.246753246753247e-05,-0.3969149375853174,-0.5973648809523809,-0.8308664057250518
BOJ,Japan,2023,4,2023-Q4,127.84615384615384,3184.923076923077,25.423543278828415,0.23093789091463368,5.8802469671299935,0.0,0.0008271949191545204,-0.0006612505569682348,0.0019996628370683427,-0.001432131716098911,0.00026098706253777906,0.0,0.0005458767667058603,-6.368493700049015e-05,8.561713924910211e-05,0.0,0.0030212617397835065,-0.41176198801198804,0.00013049353126888953,-0.7257940343599089,-0.0004220624513042084,0.5135517999395424,0.0005458767667058603,1.0269609484210795,0.0019996628370683427,-0.40212888267440877,0.0,-0.6762281839500717,-0.41176198801198804,-0.3958222975381353
BOJ,Japan,2024,1,2024-Q1,113.9090909090909,2840.5454545454545,25.43510220071698,0.23343308095389362,5.924474674141317,0.0,0.0005165727915206491,-0.00036479212672276516,0.0016628851294436565,-0.0002167474148266429,0.0002858686671371689,9.494422027059102e-05,0.0003198863251089803,-9.710201993123877e-05,0.0003672150317744139,0.0,0.001231799485402201,-0.1535650715364792,0.00014293433356858445,-0.6356435108910918,-2.1655583342919632e-05,1.1438026094165044,0.0003198863251089803,0.2583059027500094,0.0016628851294436565,-0.8323629507126823,9.494422027059102e-05,0.14056251038028042,-0.1535650715364792,0.20937865318612853
BOJ,Japan,2024,2,2024-Q2,119.42857142857143,2803.285714285714,23.871090541562406,0.23090371126094375,5.5211462285955175,-1.583430978243658e-05,0.0012222134463724563,-0.0004744905185365208,0.001787065878050052,-0.004975096688561702,0.0001608043401526017,4.109814236396515e-05,0.00034727730671678647,-0.00015247826310287946,0.001020355149260701,1.583430978243658e-05,0.003524483781473823,-0.05661222097534668,7.248501518508257e-05,-1.1461445844793918,-0.0014091245869085889,-1.0401096373284708,0.00034727730671678647,0.3514700917747826,0.001787065878050052,-0.6737218428383218,4.109814236396515e-05,-0.32266711260228137,-0.05661222097534668,0.4366313955347791
BOJ,Japan,2024,3,2024-Q3,97.0,2275.1666666666665,23.414054534840034,0.21477522165452032,5.000204016933098,0.0,0.0014041563166501032,-0.000520901465647496,0.001387513065369281,-0.002182944025180027,0.00038473827424530174,2.4845955078513218e-05,0.00016316985251740024,0.00024801415514138326,0.00024348148936936278,0.0,0.0013864166736577853,0.5666178902116402,0.00019236913712265087,-0.2774211623142232,-0.0004332297247258066,0.4959742215392307,0.00016316985251740024,-0.27472950594292633,0.001387513065369281,-1.1841512094618205,2.4845955078513218e-05,-0.46248220929209033,0.5666178902116402,1.897452310668095
BOJ,Japan,2024,4,2024-Q4,137.88888888888889,3131.222222222222,21.989816900654223,0.21518140879396452,4.741553257620746,-2.056851371919865e-05,-0.0004274186263145218,-0.0004655416656639082,0.0019292014774755298,-0.002145705862309323,0.0005468322704057646,0.00019264313962470253,0.00026408535488748827,-0.00010082282840738522,0.0002959465117933611,0.0,0.004727954278618453,-0.008268799102132459,0.000263131878343283,0.2353510857653766,-0.0010128887180959176,-0.4164240888399843,0.00026408535488748827,0.06851160432299519,0.0019292014774755298,-0.49214338390412565,0.00019264313962470253,0.981051462178937,-0.008268799102132459,0.5499460132239048
BOJ,Japan,2025,1,2025-Q1,136.08333333333334,3256.1666666666665,25.03095533423614,0.2328539982319653,5.849901763960701,0.0,0.0014023718525308833,-0.0010144256640753802,0.0016658653466323375,-0.0019752270371177784,0.0002856464718055925,2.3680969972530075e-05,0.0002407026358397698,-0.00034583880922232435,0.0010811584484258238,0.0,0.003609536106052721,0.4222955684764848,0.00014282323590279625,-0.6364485644950073,-0.0005290936162207586,0.3450819665638581,0.0002407026358397698,-0.01101939199054965,0.0016658653466323375,-0.8285557184176258,2.3680969972530075e-05,-0.4725043990671875,0.4222955684764848,1.5591678434593854
BOJ,Japan,2025,2,2025-Q2,122.6,2826.6,24.5859718563022,0.22433162341515325,5.517825055054727,1.827485380116959e-05,0.00044449895216098264,-0.0005849961046265367,0.0014517771487411362,-0.00615112107167373,0.0006166676265175486,0.0,0.0002482100221439665,-0.00047912424894605294,0.0007105146661317821,0.0,0.0006101448781690923,0.13185691391941395,0.0003174712401593591,0.6291136257263915,-0.0020972060747130945,-2.1231677698798546,0.0002482100221439665,0.01451527364285898,0.0014517771487411362,-1.1020537386617746,0.0,-0.6762281839500717,0.13185691391941395,0.8783938347516236
BOJ,Japan,2025,3,2025-Q3,266.14285714285717,5675.571428571428,20.954050060726072,0.2129039921310046,4.457036665616475,5.8331920604923356e-05,-0.00011890760335692633,-0.0013031898297296686,0.002169298256179254,-0.004133728830365355,0.0007589817927610269,0.00042828314536818034,0.0006686959287976203,-0.0005016488271745621,0.0005659861588791107,0.0,-0.0011152159019860593,0.36662218212429953,0.00040865685668297513,1.289877366231486,-0.0018519420878173167,-1.7371158845471695,0.0006686959287976203,1.4447023713761453,0.002169298256179254,-0.18541935946333282,0.00042828314536818034,3.0082266114896377,0.36662218212429953,1.4286721473437514
BOJ,Japan,2025,4,2025-Q4,181.0,4114.3,26.37286179701325,0.20518967740547406,5.410222914898762,3.265395252371203e-05,0.0003991184187815351,-0.00040711534274837525,0.002594731266942626,-0.0018874318065217892,0.0007436834119519172,0.0004126218806494276,0.00029007755725586685,-0.0002746221156884014,0.00015249056972416398,0.0,0.0023268060471067563,0.4511356209150327,0.0003881686822378146,1.141412692759667,-0.0006318095768295431,0.18340437684242275,0.00029007755725586685,0.15691816416412419,0.002594731266942626,0.3580720022109851,0.0004126218806494276,2.8734951318138404,0.4511356209150327,1.6267675165809752
ECB,Eurozone,2020,1,2020-Q1,109.88372093023256,2116.6744186046512,20.611124459142957,0.20977418687192312,4.440827151182719,-3.7673439095234683e-06,3.7514351959012885e-05,-0.00022757551268813851,0.001209994472202318,-0.0029988440312699234,0.00021110412214818126,7.874214658529518e-05,0.00016688621692254271,-0.0005278680668321211,0.00036894341977816014,7.534687819046937e-06,0.0004998180850947198,-0.17664682539682539,0.00010366838911932889,-0.5190920626747741,-0.0010629683973330164,1.4462040887904897,0.00016688621692254271,-0.42677919103390854,0.001209994472202318,0.4550946200352398,7.874214658529518e-05,-0.331981837063366,-0.17664682539682539,-1.5675070507345195
ECB,Eurozone,2020,2,2020-Q2,88.03571428571429,1941.0714285714287,23.170511163685955,0.2218958360971795,5.222107634052693,-6.99731303179579e-06,-9.033494395526578e-05,-0.00029775886104477277,0.0008753531115983792,-0.002873795089349355,-0.00012471066936426165,2.8407412479993125e-05,-5.675681160691256e-05,-0.0015506964308673995,0.00039289238835959773,4.020138384959232e-05,-0.0023780282890805736,-0.31242475778190065,-6.585399119802872e-05,-1.2711879994801143,-0.0010872962981164644,1.4216014798434595,-5.675681160691256e-05,-1.5372506271502013,0.0008753531115983792,-0.29213062387445166,2.8407412479993125e-05,-0.4188533721156677,-0.31242475778190065,-2.0485179884120868
ECB,Eurozone,2020,3,2020-Q3,114.08695652173913,2350.0434782608695,21.95120449531592,0.2383744557093493,5.263582667584847,-4.5105543326345716e-05,3.0912873146147335e-05,-0.0002109653297439581,0.0007464460681999127,-0.0029352050762160857,0.000830227495198243,2.0208443750823586e-05,-1.2190941823791477e-05,-0.0010308008003019529,0.0011207116169821248,0.0005475873825129614,0.00014520584000936413,-0.20013102573045027,0.0003925609759359486,0.7625967639639856,-0.0010384191776046322,1.471030515793311,-1.2190941823791477e-05,-1.3159643847609548,0.0007464460681999127,-0.5799689137118453,2.0208443750823586e-05,-0.43300377962271264,-0.20013102573045027,-1.6507028766294674
ECB,Eurozone,2020,4,2020-Q4,125.74285714285715,2627.6285714285714,22.20999176184662,0.23801346164216006,5.32285366331724,-0.0001779182535505564,1.876753057091505e-05,-0.00021684485630325226,0.0012896908261867308,-0.0029378463195071304,2.278869241761988e-05,3.337530985133483e-05,-3.305767150128866e-05,-0.0010731566132519915,0.00041757020085712,0.00018781738798757396,-0.0005903335697573928,-0.2671215986394558,-7.756478056646825e-05,-1.3231436001760106,-0.001045307881746489,1.4640640251099388,-3.305767150128866e-05,-1.4195755164129702,0.0012896908261867308,0.6330496924065747,3.337530985133483e-05,-0.410279394755861,-0.2671215986394558,-1.8880256707277827
ECB,Eurozone,2021,1,2021-Q1,103.4,2171.7,23.326931053091432,0.2366852340747938,5.6395882165652855,-7.023222819487431e-05,0.00010976430528243102,-0.0004929365692519478,0.0011429334842048059,-0.004580881388026406,0.0003520607788682139,7.668862963751554e-05,2.2074923720418707e-05,-0.0010698233130276256,0.00043038840649046404,0.00025993365258045436,0.00102200056372064,0.09859075482266272,0.00014091427533666982,-0.3538485140982686,-0.0016546845506653076,0.847806337268093,2.2074923720418707e-05,-1.145821522849052,0.0011429334842048059,0.30535322816774524,7.668862963751554e-05,-0.3355259537191992,0.09859075482266272,-0.5924422208326526
ECB,Eurozone,2021,2,2021-Q2,132.20833333333334,2551.9166666666665,20.703181667481598,0.23369174730604594,4.890832833749573,-8.186849360328982e-05,-1.051711447626276e-05,-0.0003304352023646841,0.0007741237265583563,-0.004418638074400721,0.00043103098023253034,0.0,1.0859683471037394e-05,-0.0005525955086488136,0.000846877862363596,4.019544398143819e-05,0.001984798748479511,0.0812572337962963,0.00017458124331462026,-0.20448304522407187,-0.0015865301304138892,0.9167303502514912,1.0859683471037394e-05,-1.2015093930590524,0.0007741237265583563,-0.5181670940550863,0.0,-0.467881057924799,0.0812572337962963,-0.6538484674567381
ECB,Eurozone,2021,3,2021-Q3,89.42857142857143,2108.3571428571427,23.96478652393645,0.2277949573031905,5.528646921312321,2.6206994060661276e-05,-5.345957596189685e-05,-0.0007382708602374767,0.0007389028285775259,-0.012799940847182945,0.00021547040410210597,1.6281871763977987e-05,0.00011741566757300981,-0.0003314250374691647,0.000588723722941967,0.0,0.0014525772421644287,0.5516631652661065,0.00012083869908138363,-0.4429149801445841,-0.004530557094460773,-2.0605402646976363,0.00011741566757300981,-0.6724190052631384,0.0007389028285775259,-0.5968123160233076,1.6281871763977987e-05,-0.43978055796581533,0.5516631652661065,1.0126255626799476
ECB,Eurozone,2021,4,2021-Q4,74.71428571428571,1852.4285714285713,25.175013290582857,0.2296932788070381,5.814196140785772,1.2846865364850977e-05,6.805943145839201e-05,-0.001519920698467975,0.0008855119734980934,-0.008310769117561618,0.00021297197082600244,4.236570072869006e-05,0.0001322937582826469,-0.0007716369663379404,0.00048017314013155694,2.495757212738345e-05,-0.00027210988831654487,0.4479432397959184,0.0001129094180954267,-0.4780936981413572,-0.0032542101281904,-0.7697809192286353,0.0001322937582826469,-0.5985437100409439,0.0008855119734980934,-0.2694467630176851,4.236570072869006e-05,-0.39476309035655377,0.4479432397959184,0.6451842728481803
ECB,Eurozone,2022,1,2022-Q1,114.5,2720.7,24.226077027092877,0.21805908549989844,5.315971670834463,1.2830382345393892e-05,0.00013010896382867343,-0.000977418836825926,0.00039846643366357623,-0.006325231063254598,0.00011463994610245903,0.0,0.00014346803925568817,-0.0013283102669161158,-3.897383379248182e-05,0.0,-0.0008544187539544195,0.5,6.373516422392646e-05,-0.6962581461803327,-0.002390846978750617,0.10333123845473578,0.00014346803925568817,-0.5430592179854905,0.00039846643366357623,-1.3569773708336836,0.0,-0.467881057924799,0.5,0.8296020983252013
ECB,Eurozone,2022,2,2022-Q2,143.09375,2841.1875,21.12792217126861,0.22216879306715018,4.731957358268326,2.123735697783051e-05,0.00028925618646907856,-0.0009575352132309916,0.0006084236487547149,-0.007147306170817032,0.0004006015009088246,3.718585063892269e-05,0.00023456699698715957,-0.001534168805614747,-0.00018251114263255833,2.25606926506731e-05,-0.0004546794541966879,0.22411503427128426,0.00021091942894332756,-0.04326656329958682,-0.0026051950658596487,-0.11343724529686668,0.00023456699698715957,-0.09071875789625196,0.0006084236487547149,-0.888161050657543,3.718585063892269e-05,-0.40370287193357607,0.22411503427128426,-0.14775617871761412
ECB,Eurozone,2022,3,2022-Q3,108.1,2066.7,21.73652941909277,0.22367363013316438,4.883817923405155,3.3889303111200677e-05,2.5538078085524292e-05,-0.0008818359755055153,0.00029941855964380637,-0.012839062759921211,0.00019383517937598035,3.840134882804063e-05,4.501522922548263e-05,-0.0009752774239707166,4.103705374276647e-05,-2.8169014084507043e-05,-0.001228714577388315,0.5005605449537675,0.00011386224124359051,-0.4738664426197764,-0.004565120219113734,-2.095493672613654,4.501522922548263e-05,-1.0319143102403672,0.00029941855964380637,-1.5781427153971548,3.840134882804063e-05,-0.4016050721653074,0.5005605449537675,0.8315879015340573
ECB,Eurozone,2022,4,2022-Q4,160.6551724137931,3292.137931034483,22.47319440709192,0.2287432783922542,5.186704032104209,-7.148167209927374e-06,0.0001650583478939571,-0.0007542805060751675,0.0016639872964553362,-0.009108560919375706,0.0001481320144481131,0.0,0.00016905484287342524,-0.001135458031262347,-0.00044893510971053354,-7.161239640843531e-05,-0.002340562241242462,0.4233653554454444,7.049192361909287e-05,-0.6662813886716037,-0.0032325943591856384,-0.7479210671745152,0.00016905484287342524,-0.4160111505995142,0.0016639872964553362,1.4688213698413073,0.0,-0.467881057924799,0.4233653554454444,0.5581139294581833
ECB,Eurozone,2023,1,2023-Q1,169.47619047619048,3321.095238095238,20.11100008513721,0.22363468577507314,4.523651958317862,-1.0974032566204249e-05,0.0002090992846395505,-0.0007706386363756359,0.0007351550596788399,-0.009458665992940022,0.0006763793326061893,0.00048094355765686866,0.00031170091735919364,-0.0014751940937398008,-0.0006834564842128014,0.0,0.0007787368767155361,0.7277083333333333,0.0003327026500199925,0.49703180657557877,-0.0033400684482253686,-0.8566087426184141,0.00031170091735919364,0.29228005897735837,0.0007351550596788399,-0.6051807601522214,0.00048094355765686866,0.3621681291785135,0.7277083333333333,1.636288405957488
ECB,Eurozone,2023,2,2023-Q2,123.77142857142857,2365.6,19.865193352510442,0.22220081379577658,4.420513097957665,-9.163480289112846e-06,0.00032295410906954904,-0.0005903458653995682,0.0008067807796577852,-0.007077257682667283,0.00029583533931312885,7.4911978425350215e-06,0.00024963191172424455,-0.0012515216158618875,-0.0011781958728580043,-6.27105490602588e-05,0.001144371668496066,0.6652048131080389,0.000143335929512008,-0.34310470397591253,-0.002448216479665767,0.04531392701198159,0.00024963191172424455,-0.015915811374460798,0.0008067807796577852,-0.44524671618083594,7.4911978425350215e-06,-0.4549521755629677,0.6652048131080389,1.4148615780216227
ECB,Eurozone,2023,3,2023-Q3,134.72222222222223,2629.0555555555557,20.060620092922626,0.2195303931241448,4.453304330414525,-7.608063677596703e-05,0.0005529627341270446,-0.0003659572547687494,0.0010064123366536728,-0.011233061757102362,0.0010966824143365363,1.3303533418475946e-05,0.000243374898850576,-0.0012110097863428971,-0.0017383933226458037,1.753218133551055e-05,0.002231676173526442,0.6883487654320988,0.0005103008887802846,1.2849567608226014,-0.0036820187592480225,-1.202420321524948,0.000243374898850576,-0.04698422480683258,0.0010064123366536728,0.0005133016457464721,1.3303533418475946e-05,-0.4449208021446684,0.6883487654320988,1.4968520312079951
ECB,Eurozone,2023,4,2023-Q4,96.17391304347827,1985.5217391304348,20.640021609683114,0.21432461214195353,4.45372282082078,7.912157160369384e-06,0.0001905118229529327,-0.000321590142689779,0.001162676051301201,-0.00712945755213735,0.0009903984648672222,4.879068533381149e-05,0.00020734400664866205,-0.00125201877043453,-0.0012919979240630674,-6.409918561302996e-05,0.0001590077211979117,0.4050753751677497,0.0004991553110137958,1.235508754395182,-0.0024201786239580656,0.07366838331423517,0.00020734400664866205,-0.22589110543307564,0.001162676051301201,0.3494366746591879,4.879068533381149e-05,-0.38367436037207353,0.4050753751677497,0.4933193018707833
ECB,,2024,1,2024-Q1,107.33333333333333,2392.133333333333,22.469002264548987,0.22991815007304825,5.164410447927721,9.328178793299094e-06,0.0002785247368267622,-0.00056055992852591,0.0018739453014752039,-0.007447305126758967,-0.00010008711345549223,0.0002260949827653469,0.0006615099716800056,-0.0013788488836375251,-0.0008733221431493285,1.75530981218185e-05,0.001548084860185557,0.38967503987240826,-4.5379467331096564e-05,-1.180351579064615,-0.0025764467728193715,-0.0843643294764527,0.0006615099716800056,2.0292130877972236,0.0018739453014752039,1.9376394538600472,0.0002260949827653469,-0.0776690389368919,0.38967503987240826,0.438761616458751
ECB,Eurozone,2024,1,2024-Q1,157.33333333333334,3048.5,20.572665373569183,0.23445106498038892,4.8460428539517215,-1.8189280898145332e-05,0.0002516025395812588,-0.0006420502536061422,0.0016152632779096664,-0.007195599644335686,0.0004444831732830537,0.00014670294173949158,0.0004384916050062276,-0.0009318342221992814,-0.0009901931175590774,1.726357805872871e-05,0.0017799948108403827,0.3278091955336419,0.0002131469461924542,-0.03338405298386533,-0.0025286824527868566,-0.03606065963493972,0.0004384916050062276,0.9218433318563525,0.0016152632779096664,1.3600248463740887,0.00014670294173949158,-0.21468989734498015,0.3278091955336419,0.21959383806595353
ECB,,2024,2,2024-Q2,113.92,2615.32,23.329120500757746,0.23105889595797383,5.406468004976151,-4.7008348545929565e-06,0.0002122989202370617,-0.0006084523701464957,0.0010657838930780196,-0.007936777587286784,0.00022498990099717884,0.00020005083567710538,0.0005895284632006834,-0.0009974874561334028,-0.000998129643076066,5.258200205459746e-06,0.0010420214912975326,0.4568775252525253,0.00011014453307129294,-0.49036027196182885,-0.002777643679065406,-0.28783313057791376,0.0005895284632006834,1.6717979265894498,0.0010657838930780196,0.13308485720724506,0.00020005083567710538,-0.12261802052781981,0.4568775252525253,0.6768351379738442
ECB,Eurozone,2024,2,2024-Q2,182.6206896551724,3470.137931034483,20.20372502901551,0.23471211009363177,4.761352471841095,-4.463315017459821e-06,0.00015263977284006434,-0.00046023182250758273,0.0008649544817545892,-0.008050470586544572,0.0005669168941499321,6.93864118437627e-05,0.0004913683887054288,-0.0005688020180207008,-0.0015553903205601264,-7.593544650698976e-06,0.00189871184110562,0.5477553834878071,0.00028122678956623616,0.2686561465692003,-0.002786020878737364,-0.29630492473043635,0.0004913683887054288,1.1843963759541654,0.0008649544817545892,-0.3153498658334541,6.93864118437627e-05,-0.3481286798546437,0.5477553834878071,0.9987817388390587
ECB,,2024,3,2024-Q3,97.07692307692308,2173.153846153846,22.133191123575287,0.22432215423781618,5.020731946082696,-1.2827478207643187e-05,7.405944504789177e-05,-0.00038162511260522025,0.0006346760435568823,-0.005949831250443203,0.0002666804952202875,0.003162791146392216,0.00035994971504891773,-0.0008368860399971376,-0.0006860945428044421,0.0,0.0003524611264879404,0.13038422962135168,0.00012692650850632217,-0.41590605823132376,-0.002085798972666844,0.41182381537516116,0.00035994971504891773,0.5318534184229701,0.0006346760435568823,-0.8295417213736176,0.003162791146392216,4.9907058765391925,0.13038422962135168,-0.47980971232181824
ECB,Eurozone,2024,3,2024-Q3,155.6,2957.6,19.033010426641685,0.23182938984231896,4.412851612211073,-2.41054206391128e-05,0.0001714488054494975,-0.00019789025266172855,0.0006305491967838828,-0.006910802771465695,0.0008603462197360402,0.0009844254189251805,0.0003668964837526692,-0.0011196263754525817,-0.0012207995615993335,-8.87705281846427e-06,8.853914212141417e-05,0.4011839227171464,0.0004181203995484637,0.8759926389515361,-0.002312414739559309,0.18264912645666923,0.0003668964837526692,0.566346728004523,0.0006305491967838828,-0.8387566136420666,0.0009844254189251805,1.2311156449807485,0.4011839227171464,0.4795333267913888
ECB,,2024,4,2024-Q4,99.7,2187.7,21.779825993663035,0.23109291833670467,5.058943531643641,-1.655516953798068e-05,8.081045589342723e-06,-0.0003623152567346098,0.0012571957257573208,-0.006585683687774898,0.0002862719263838049,0.0002447036655655181,0.0003678366881857086,-0.001595373462963665,-0.0005537636526707051,0.0,0.0016087344560505007,0.36250681628313214,0.0001348583784229121,-0.3807158542926584,-0.0023133059663067216,0.18174783606811878,0.0003678366881857086,0.5710151953109504,0.0012571957257573208,0.560490940851134,0.0002447036655655181,-0.04555275047552195,0.36250681628313214,0.34251466031385125
ECB,Eurozone,2024,4,2024-Q4,134.67567567567568,2624.2702702702704,19.64253147388389,0.23641024533299915,4.664737237839151,-1.9426943927205662e-05,6.179248507542424e-05,-0.0003210208350103551,0.0011873317757566783,-0.006895354140035993,0.0005424120314613839,0.0001986678594070644,0.00025405063804736746,-0.0011256028022208842,-0.0007452907443235071,0.0,0.0014978520445049427,0.31910202171751084,0.00026149254376708913,0.18110401301803733,-0.0023848608299903078,0.10938498219364627,0.00025405063804736746,0.006024820524990073,0.0011873317757566783,0.4044907770175003,0.0001986678594070644,-0.12500486678130407,0.31910202171751084,0.1887475453860752
ECB,,2025,1,2025-Q1,120.8,2588.866666666667,20.93249241947304,0.2392403013880737,4.998160021510331,2.6205808770843202e-05,0.00010441622469516225,-0.0002295872327833145,0.001553927929393663,-0.008290302510581812,0.000543436299714826,0.00012405187367770142,0.00028433196409478174,-0.003077216673637667,-0.000582889911773199,4.5945325063174825e-05,0.0011036225294011816,0.5657995798319327,0.0002848210542428346,0.28460231163609007,-0.0028051578395566546,-0.31565797815097557,0.00028433196409478174,0.15638295082078418,0.001553927929393663,1.2230683127512179,0.00012405187367770142,-0.25378284355952274,0.5657995798319327,1.0627056449603458
ECB,Eurozone,2025,1,2025-Q1,162.0,2865.1363636363635,19.270912874760068,0.2384152797785955,4.605584851325855,1.870279102903861e-05,5.501028723078112e-05,-0.0002507731723044387,0.0015192974704792673,-0.009197856220023644,0.0007969854636026393,0.00014482884329530672,0.0003761176149804105,-0.0024185456062651447,-0.0004801509098151901,-1.6275552465262505e-06,0.0020815529828137934,0.21802018633540374,0.00040784412731583895,0.8304013572741913,-0.0031312063683657677,-0.6453882135481359,0.0003761176149804105,0.612133099725643,0.0015192974704792673,1.1457414902021066,0.00014482884329530672,-0.21792435982063116,0.21802018633540374,-0.1693479681132989
ECB,,2025,2,2025-Q2,108.76190476190476,2202.0,20.634957560217618,0.24109386115292553,5.02054458412327,-7.222165231960192e-05,0.0,-0.00020621612435442683,0.0018255954768408539,-0.0034888293002645417,0.0003201710987120724,0.0004802504161478537,0.00025470016776779283,-0.0036562978900281195,5.5439570568295826e-05,-1.3290272849301597e-05,0.0018044010689278744,0.07532879818594104,0.0001239747231962352,-0.42900182608145687,-0.001231681808206323,1.2755855833640104,0.00025470016776779283,0.00924997896692193,0.0018255954768408539,1.829678473064992,0.0004802504161478537,0.36097185253243785,0.07532879818594104,-0.6748507196033581
ECB,Eurozone,2025,2,2025-Q2,145.6875,2545.0625,18.968220707299857,0.238274335428855,4.5739260003365825,-7.002354403377897e-05,-1.6095529666206844e-05,-0.00018093017090561314,0.0014585075610029428,-0.006479053011493738,0.0005874079167814412,0.0008878429842819591,0.0004693257312220485,-0.004259506209598321,5.211063161762817e-05,-5.27960804189897e-06,0.0009305377593113115,0.0018205915178571425,0.0002586921863738311,0.16868006396110863,-0.002225359570688519,0.27068731337672236,0.0004693257312220485,1.0749463221235585,0.0014585075610029428,1.0100028748267784,0.0008878429842819591,1.0644262900912895,0.0018205915178571425,-0.9352630767169801
ECB,Eurozone,2025,3,2025-Q3,118.85714285714286,2085.9523809523807,18.519945495731612,0.23500040978476297,4.379613219821029,0.0,-1.649430121892886e-05,-0.00026392988195798265,0.0004954052061989254,-0.004981321002307179,0.0003924535820759709,0.0002869243862057757,6.3811119087501e-05,-0.0018398312352002747,0.0001305953772248547,-3.1809651048128006e-05,0.0014224443255930615,0.08015873015873015,0.00019622679103798544,-0.10845130910644167,-0.0017539150618280303,0.7474553253381455,6.3811119087501e-05,-0.9385856742198163,0.0004954052061989254,-1.1405214676503288,0.0002869243862057757,0.027314999364190226,0.08015873015873015,-0.6577400590833461
ECB,Eurozone,2025,4,2025-Q4,148.21212121212122,2833.212121212121,19.80101622955207,0.235270366217043,4.670965452198003,-3.071500728515019e-05,9.661350271807996e-06,-0.0002401111924865248,0.0008649461668229445,-0.004834885620288572,0.0001638063794794399,0.0003251195667300974,0.00013793916707058296,-0.0016816358023486562,0.0001627572500098759,1.6711168552670956e-05,0.0010174486265706012,0.006585197210197205,6.654568609714486e-05,-0.6837891018146687,-0.0016884451541677628,0.8136645124892057,0.00013793916707058296,-0.5705121400634463,0.0008649461668229445,-0.31536843235737416,0.0003251195667300974,0.09323516409191226,0.006585197210197205,-0.9183838430191462
ECB,Eurozone,2026,1,2026-Q1,18.5,418.5,22.939655172413794,0.28442622950819674,6.533366308648954,0.0,0.0,0.0,0.0,-0.014215814837884798,0.0023112480739599386,0.0,0.0007704160246533128,0.0011187424187784807,0.0,0.0,0.003852080123266564,0.0,0.0011556240369799693,4.14797058105574,-0.004738604945961599,-2.2709373712259198,0.0007704160246533128,2.569972448114585,0.0,-2.246718488150268,0.0,-0.467881057924799,0.0,-0.9417127583239194
FED,,2024,1,2024-Q1,106.91666666666667,2519.4583333333335,23.382162057924432,0.2142433428935336,5.044546241214744,2.5958605871164082e-05,8.240933226213948e-06,-0.0005039780901036594,0.00036158376932652003,-0.006407326037961015,0.0003289376503268673,0.00014347930109312787,0.0008516023886185869,-0.0005739239722207368,-0.0004611399153331133,-0.00021092863250285717,0.00222275169329935,0.31021383092216426,0.0001774481280990157,-0.6800921661241376,-0.0023010210649461534,-0.6796064289027698,0.0008516023886185869,1.5015837116806188,0.00036158376932652003,-0.14634784071863408,0.00014347930109312787,-1.3591780364820263,0.31021383092216426,0.8030492971122469
FED,,2024,2,2024-Q2,95.35897435897436,2217.230769230769,23.21861202355053,0.20879789187579625,4.912934002664345,1.2575082328209236e-05,0.0001065170799870713,-0.0004174138941318076,0.0003998537279830831,-0.0042334350341458665,0.00023939387838843625,0.00027828643883897334,0.00047210310342535284,-0.0007491096589610274,-0.00048026694306129905,-0.00014369312626575886,0.0015359438102985567,0.3009969007247233,0.00012598448035832274,-1.432891471631699,-0.0015147772827635343,1.5511088651981049,0.00047210310342535284,0.1200262246969201,0.0003998537279830831,0.15812003350423437,0.00027828643883897334,-1.0961697397583159,0.3009969007247233,0.742459478012148
FED,,2024,3,2024-Q3,92.57692307692308,2202.5,23.448367923623746,0.21080856115759156,4.9620334273776745,1.3677645256592625e-05,-1.4170651581265838e-06,-0.0003840706630182944,0.00021600403282522024,-0.005410386899175219,0.0003635336302346354,0.000986395207986828,0.00011666008178880935,-0.0005912170319671644,-0.0002486279791286637,-0.0002511952862766473,0.002132842553077122,0.1029202221665457,0.00018860563774561402,-0.5168824854681031,-0.0019319582091172132,0.36749139958084276,0.00011666008178880935,-1.173955047199374,0.00021600403282522024,-1.304550108461997,0.000986395207986828,0.2853482153207362,0.1029202221665457,-0.5596476080456989
FED,,2024,4,2024-Q4,110.04761904761905,2520.0476190476193,22.517650320454372,0.20291327539641418,4.610965694625181,-1.4589169000933706e-05,-6.420749789544609e-06,-0.0002075727353239675,0.0002529809627565329,-0.00510392394568408,0.000582155791455089,0.0016160869140022837,0.0003401696311586061,-0.00024140418050638124,-0.00011090799547356,-1.6988600648964544e-05,0.005561823724152988,-0.11545069745069746,0.00028378331122707766,0.8753563013681623,-0.0017726391435991973,0.8195082983425941,0.0003401696311586061,-0.3602742225122749,0.0002529809627565329,-1.0103693032903147,0.0016160869140022837,1.5138747297877084,-0.11545069745069746,-1.9951640145825031
FED,,2025,1,2025-Q1,130.06896551724137,2882.9655172413795,21.941754222620784,0.2174282745066641,4.778493315022399,1.0377620128394648e-05,-2.3247501701551897e-07,-0.00045222281120409094,0.0005923346226479803,-0.006480275144414766,0.0006497629039722335,0.0007900577308348512,0.0007164735564064039,-0.001031965865083868,-0.00018984726091081014,-4.791259106494693e-05,0.0051211536545662725,0.2621115091804747,0.00033007026205031403,1.552431984175675,-0.002310910143545291,-0.7076635269372036,0.0007164735564064039,1.0096506379330699,0.0005923346226479803,1.68945821322518,0.0007900577308348512,-0.09770557776644243,0.2621115091804747,0.48683653318864406
FED,,2025,2,2025-Q2,101.74074074074075,2276.4444444444443,21.597772098183913,0.21555895118581478,4.670168966832782,-3.0506432225457376e-05,0.0001932980556734604,-0.0002855284414390771,0.00045711627424427684,-0.0075205855884349585,0.0005060183319051926,0.00122651973785075,0.00013779022339079232,-0.0029263373653298746,-7.01289125283878e-05,-2.5126532533229587e-05,0.0020058565537932065,0.2675315155523489,0.0002377559498398676,0.20207783768010174,-0.0025376053247335253,-1.3508386072815686,0.00013779022339079232,-1.0970313045989606,0.00045711627424427684,0.6136890057415326,0.00122651973785075,0.7538304088983404,0.2675315155523489,0.5224663143151647
Fed,US,2020,1,2020-Q1,91.0,2200.8636363636365,22.885203026082078,0.20777134853979556,4.819875637187155,3.994034595302477e-06,0.0,6.579088817957208e-05,0.0004724587263531404,-0.0020447822559504785,0.00044633757547105844,4.7199717403330826e-05,0.00040309195316800346,1.3911773669038939e-05,0.00011637982687476559,-1.428265371706063e-05,0.0035938032139623947,0.07697961760461762,0.00022516580503318046,0.2261839519563082,-0.0006596637892569688,1.7065672617748466,0.00040309195316800346,0.490405858817279,0.0004724587263531404,0.5814510299185006,4.7199717403330826e-05,-0.5714447695692378,0.07697961760461762,-0.3591376196929559
Fed,US,2020,2,2020-Q2,80.77777777777777,1975.6666666666667,23.5505437254016,0.2060038491021021,4.914600416006072,-2.8697261075587618e-05,0.00013336147057077289,-0.00010715881018277283,0.0008133959465748768,-0.0020537662483509707,6.501941002625826e-05,0.0,-0.00013471229941335,-0.0013568279912200608,0.00011383268674257476,-1.6489573780012006e-05,0.0006400156581764346,-0.4323922413793103,1.816107447533532e-05,-1.4747139805354965,-0.0006758545293209903,1.69013052928558,-0.00013471229941335,-1.3059243355172316,0.0008133959465748768,2.6509260843985336,0.0,-0.6170392876064269,-0.4323922413793103,-2.229238816124095
Fed,US,2020,3,2020-Q3,128.75,2914.4,23.906706072976974,0.223874152557776,5.44608154141182,2.6328648270455623e-05,-7.539263086865091e-06,-0.00036902184219659965,0.0005266644886321524,-0.00511551021643756,0.000193876349766935,6.663415754324845e-05,-3.725979797106478e-05,-0.00023732259577083757,0.00045697527658831354,2.1258503401360543e-05,0.001282711044036143,-0.19333547008547008,0.00011010249901869531,-0.7192579168275571,-0.0018306904405736748,0.51774873159127,-3.725979797106478e-05,-0.9804213853007425,0.0005266644886321524,0.9104778013942956,6.663415754324845e-05,-0.5526712687889214,-0.19333547008547008,-1.351568905376863
Fed,US,2020,4,2020-Q4,106.85714285714286,2625.0714285714284,24.28768648580977,0.22896149148536574,5.594237153061718,-3.190338732206204e-06,8.85331822367023e-06,-2.519346951106147e-05,0.0005801146627106214,-0.0036408896239840858,-5.798441757811474e-05,0.00011963384867075703,-8.96813983686399e-05,-8.60493310540117e-05,0.0009417147872255657,7.236937328122738e-06,0.0006405632298598305,-0.20925414046737575,-3.058737815516047e-05,-1.875265900619347,-0.001219076591757159,1.1386550755864466,-8.96813983686399e-05,-1.1555157680199601,0.0005801146627106214,1.2349181832366378,0.00011963384867075703,-0.501474026389582,-0.20925414046737575,-1.4100125040989784
Fed,US,2021,1,2021-Q1,108.67857142857143,2578.75,23.518237015571497,0.22988580381371856,5.431522182456514,0.0,0.00010970189876334838,-0.00027572191867467164,0.0002643864137972934,-0.006861077546394067,8.347292744213576e-05,4.2242885203658265e-05,0.00021715474546793486,-0.00042960771253292544,0.0009612808903639422,-2.018378821055822e-05,4.287629182904028e-05,-0.00268042200854702,4.173646372106788e-05,-1.2810018333894162,-0.00234236585543513,-0.0017007736293881963,0.00021715474546793486,-0.13064653866512235,0.0002643864137972934,-0.6815394411196773,4.2242885203658265e-05,-0.5762330265243386,-0.00268042200854702,-0.651600449668476
Fed,US,2021,2,2021-Q2,116.17391304347827,2688.086956521739,22.731564400466794,0.22184739326929828,5.040648875962582,3.9626362079018365e-06,0.00018311339877580355,-0.0010523345022287298,0.0003987831987206487,-0.006452206543606422,0.00042970129070651664,7.052258473501526e-05,3.738409466085573e-05,-0.000297251212511803,0.0010731089349763179,0.0,0.00198369870505046,0.03433763096806577,0.00021683196345720923,0.1577071888017451,-0.002440475882353116,-0.10130142564338487,3.738409466085573e-05,-0.7311019023963208,0.0003987831987206487,0.1342435749450199,7.052258473501526e-05,-0.54891508181398,0.03433763096806577,-0.5156928530077441
Fed,US,2021,3,2021-Q3,100.3529411764706,2374.5882352941176,22.99452068865192,0.21753772701651083,5.0615818074846075,9.256298541097172e-05,0.00025576467513579554,-0.0012599878258660738,0.000132099539457946,-0.007198790828745472,0.0004538156881267242,0.0002438326494231345,4.3701339246628714e-05,-0.0005782404416240223,0.001630187326428527,0.0,0.0021750466633372856,0.23824808184143223,0.00027318933676884796,0.6207794069491881,-0.0027343379931585835,-0.3996283016812533,4.3701339246628714e-05,-0.7100015538216251,0.000132099539457946,-1.4845153857888023,0.0002438326494231345,-0.3814990610161258,0.23824808184143223,0.2329413155616816
Fed,US,2021,4,2021-Q4,103.05,2393.25,22.617834893292386,0.2083408000486926,4.714809317840015,4.310542391790842e-05,0.0002074764984588408,-0.001380148031584641,0.000279461357696943,-0.006186458797858483,0.0003858092926468272,0.00029268702960563427,-4.608634268252262e-05,-0.00030410890955819963,0.0005201362293627855,-6.821282401091406e-05,0.0011557924796594457,0.38041898148148146,0.00021445735828236781,0.13819574565023962,-0.0024530434436614277,-0.11405993096496735,-4.608634268252262e-05,-1.0099030948646455,0.000279461357696943,-0.5900351450275084,0.00029268702960563427,-0.33430615307152256,0.38041898148148146,0.7549057013542162
Fed,US,2022,1,2022-Q1,78.73333333333333,1798.4,21.602413762130436,0.20364159847900257,4.405089660185316,0.00012805721791486386,8.159338554368938e-05,-0.0011401493585958637,0.00019503218769401955,-0.006609697364960254,0.0002129309659321112,0.0,0.0012657919186746434,-0.00041440208809824454,0.00023797039188062848,-1.2221203788573175e-05,0.0036271906842708576,0.6685925925925925,0.00017049409192348752,-0.22303768439695634,-0.002556084446004143,-0.21866647669641867,0.0012657919186746434,3.3719263920832305,0.00019503218769401955,-1.1025167716386133,0.0,-0.6170392876064269,0.6685925925925925,1.8129025368954879
Fed,US,2022,2,2022-Q2,85.25,1967.75,26.558862318985483,0.20083547737024843,5.467888248820653,1.2185611230259309e-05,4.055454716274544e-05,-0.0007210486300449958,0.00033847612258032056,-0.009413383679623036,0.00035037743930666025,5.122992500066411e-05,0.0003155564186885552,-0.0011908760565108275,-0.0008906363355902757,-1.817124582061346e-05,0.0018587030547414275,0.521484375,0.00018128152526845976,-0.13440046811735443,-0.0033646259208350952,-1.0394924473267262,0.0003155564186885552,0.19802675822834032,0.00033847612258032056,-0.23181792341490667,5.122992500066411e-05,-0.5675516239510129,0.521484375,1.272811346397585
Fed,US,2022,3,2022-Q3,89.4090909090909,2151.3636363636365,27.35427634926763,0.21979988333680714,6.296548470739439,9.683561471056533e-05,1.9063194304364018e-05,-0.0005223563361086694,0.00029350951155001417,-0.007887739416137326,7.869979180974776e-05,0.00023662958883530433,0.00047820114630473117,-0.0006433699862430291,-0.0009963168255244963,-0.00015477935688228288,0.0005560876263781472,0.40094201159738246,8.776770326015655e-05,-0.9027764665049022,-0.00279701085264721,-0.4632533751293217,0.00047820114630473117,0.7412795007716012,0.00029350951155001417,-0.5047634227393976,0.00023662958883530433,-0.3884571551311472,0.40094201159738246,0.8302536863227964
Fed,US,2022,4,2022-Q4,105.68181818181819,2115.818181818182,20.638002537648006,0.20834882923102474,4.347536890591894,0.0001319191232895142,0.0001256361114253301,-0.0005439233041872539,0.00038349357180992113,-0.009423229032907092,0.000315138628512265,6.76478256164912e-05,0.00044016375691839963,-0.0010466928039207137,-0.002751514336609924,-4.513914429020826e-05,0.0019675991479519775,0.4825878850736805,0.0002235288759008896,0.21273377925133657,-0.003280505408556338,-0.9540938582740545,0.00044016375691839963,0.6142300943372584,0.00038349357180992113,0.04143616171076363,6.76478256164912e-05,-0.5516920742133639,0.4825878850736805,1.1300072808308668
Fed,US,2023,1,2023-Q1,118.06666666666666,2455.9666666666667,21.49813915874437,0.2128781724013962,4.5902520008316205,5.954466216099753e-06,0.00010422120225227273,-0.000580558893314841,0.00027886023417048506,-0.00945239771209157,0.0002720164762229787,5.3634099603995924e-05,0.00026588323065145726,-0.00048710226790645906,-0.0011027072279226737,-0.00016989087955522787,0.0009585575134520376,0.3335220646264192,0.00013898547121953922,-0.48193489735720896,-0.003309578467718046,-0.9836086361159586,0.00026588323065145726,0.032112399813338466,0.00027886023417048506,-0.5936839403742197,5.3634099603995924e-05,-0.5652292121158008,0.3335220646264192,0.5827289727565125
Fed,US,2023,2,2023-Q2,99.78571428571429,2145.3928571428573,21.223807229326194,0.20691922648500308,4.40377263077314,-6.736002586624993e-06,1.920161207361225e-05,-0.00030394943005461906,0.00031500557805034385,-0.006801877870067099,0.0005760600157874397,0.00043554006968641115,0.0004137619271606887,-0.0011487450416346064,-0.0006378184466661184,-0.0003826950514657707,0.0015948972254869,0.4754892428999572,0.0002846620066004074,0.7150470130279177,-0.002362208562682702,-0.021844959108341357,0.0004137619271606887,0.5260448415211673,0.00031500557805034385,-0.3742831737277351,0.00043554006968641115,-0.19631135414142029,0.4754892428999572,1.1039454185823376
Fed,US,2023,3,2023-Q3,77.3,1701.05,21.469533254565004,0.21261413803274917,4.502580243028201,3.160770546086308e-05,8.40625635786796e-05,-0.00013764736726730722,0.00041387469565655835,-0.008389530800309774,0.0008935541518820504,0.0012687056538373746,0.000444477423951158,-0.0006049801402281057,-0.0013879941674599266,-0.00011892036239580134,0.005236543910340134,0.4358617424242424,0.00046258092867145677,2.1769552790192312,-0.0028143718679994674,-0.48087816336992945,0.000444477423951158,0.6286382554889351,0.00041387469565655835,0.2258483472937671,0.0012687056538373746,0.6085193809649636,0.4358617424242424,0.9584575304233096
Fed,US,2023,4,2023-Q4,113.04761904761905,2452.714285714286,21.770439464222665,0.22182413125813183,4.828950127406484,4.605882096911044e-05,2.0346330323840273e-05,-0.00025535304183616425,0.0004883142048791682,-0.005897193734741087,0.00047850241749516865,0.0003284638345916115,0.00033687667477743196,-0.0019018224550412868,-0.0007967849345350016,-9.307627118411335e-05,0.00039725144350709503,0.3488054968038066,0.00026228061923213957,0.5311456335840934,-0.002044066815417804,0.3011304436702609,0.00033687667477743196,0.2692389503587849,0.0004883142048791682,0.6776931394339066,0.0003284638345916115,-0.29974606945265275,0.3488054968038066,0.6388403662235949
Fed,US,2024,1,2024-Q1,114.75,2668.5714285714284,22.969230293105777,0.21851033338550097,5.060496159044639,2.018168109254267e-05,-2.22780589118353e-05,-0.0003141476587286214,0.00031363842168375793,-0.007348005035453821,0.00032567186027291197,0.00010352076659622476,0.0006834492066348001,-0.0005921162995471543,-0.00029757827205196006,-0.00015728412237538928,0.002365962484344481,0.15318158600245654,0.00017292677068272733,-0.20304906741773485,-0.0025614769176980925,-0.2241408783815121,0.0006834492066348001,1.4268324437426538,0.00031363842168375793,-0.38258175724520205,0.00010352076659622476,-0.5170391240575212,0.15318158600245654,-0.07937070725403594
Fed,US,2024,2,2024-Q2,116.6046511627907,2584.3023255813955,22.192668854208843,0.21587922924492337,4.8296177114485115,8.873247494598452e-06,0.00010979441278989389,-0.00028021428305690174,0.0003807203539050948,-0.005735581719696131,0.0001263163670889808,0.00024809541848423244,0.0002912831056709803,-0.0007557199116195651,-0.0003998228046086299,-0.00013480771553090284,0.0018717447780210398,0.2941847511442879,6.759480729178963e-05,-1.0685313115874373,-0.0019686671966543793,0.3776756391651276,0.0002912831056709803,0.11695100458615997,0.0003807203539050948,0.024602841866884818,0.00024809541848423244,-0.37738126303899455,0.2941847511442879,0.43830647333916295
Fed,US,2024,3,2024-Q3,108.75,2527.535714285714,22.657652767172035,0.21435318090847638,4.8682280746969235,1.233654083395016e-05,2.361795575534646e-05,-0.00030578095873917097,0.0002361288162470677,-0.006966559277687078,0.0004416060815909146,0.0011908365545279327,9.804983974331836e-05,-0.0005364300310453581,-0.0002765341848149942,-0.00020804268261608825,0.002617763142736627,0.020253451197893946,0.0002269713112124324,0.24101927344444507,-0.002416240760223634,-0.07669808955671699,9.804983974331836e-05,-0.5284710954988925,0.0002361288162470677,-0.853061908486823,0.0011908365545279327,0.533298505749438,0.020253451197893946,-0.5674013268356645
Fed,US,2024,4,2024-Q4,132.625,2831.2916666666665,21.38038658441958,0.19857635639612184,4.276736644039028,-8.70412923891094e-06,4.7503279723598665e-06,-0.00017853106935983296,0.00027267372839086707,-0.0060623457715123655,0.0008095651452173287,0.0014743253020337366,0.00026423823577540547,-0.00038533312737106673,-0.00017823337881580815,-1.2645422357106727e-05,0.004310562289947546,-0.27190907587782587,0.00040043050798920887,1.6662832680122583,-0.0020787088376332794,0.26596209127923537,0.00026423823577540547,0.026617921197384427,0.00027267372839086707,-0.6312357787361015,0.0014743253020337366,0.8071461794768531,-0.27190907587782587,-1.6400430163992181
Fed,US,2025,1,2025-Q1,142.61290322580646,3106.1935483870966,21.759188848219168,0.21665896419403208,4.708960628364385,5.985113534506239e-06,4.5217148367601744e-05,-0.0005203982057717486,0.0005767936193498848,-0.005215877407400389,0.000571585077677328,0.0012360196700970888,0.0005497369097215148,-0.000863078049116469,-0.00020690298071754674,-4.4696577502789906e-05,0.0037554505322617876,0.2627517223074934,0.0002887850956059171,0.7489252415401475,-0.001897019488268179,0.450411919999498,0.0005497369097215148,0.9802174622762848,0.0005767936193498848,1.214759585165647,0.0012360196700970888,0.576945003888194,0.2627517223074934,0.32290366142803484
Fed,US,2025,2,2025-Q2,113.86842105263158,2351.1052631578946,20.389520772523447,0.20571710072409785,4.235929224364797,-1.793842369235919e-05,0.000133821134107303,-0.0003949935342298578,0.0004889873486640373,-0.006625806297614734,0.0004678489315039925,0.0015102832173123104,1.627106006319942e-05,-0.0019850950278366545,-2.846267885347897e-05,-1.3999243106720963e-05,0.002073674759553094,0.1897667272420562,0.00022495525390581666,0.2244539143081259,-0.0022956595659124296,0.045715143333964176,1.627106006319942e-05,-0.8016219500898115,0.0004889873486640373,0.6817790948187684,0.0015102832173123104,0.8418812140690931,0.1897667272420562,0.05494750290436291
Fed,US,2025,3,2025-Q3,117.5,2665.846153846154,22.537169383641796,0.2067560503997369,4.709872047614085,8.04348894342784e-06,0.0003193258544878855,-0.00014739531906609213,0.0005588056034495973,-0.005253420440793474,0.0006708396276657896,0.0020812460962290136,0.0001692508336436776,-0.0002550172705419852,-0.00010664247428120699,-1.284357088903549e-05,0.002145799263807487,-0.11721911584362095,0.0003394415583046087,1.1651547278874457,-0.0016938299684572267,0.6566885799019495,0.0001692508336436776,-0.2906513040116633,0.0005588056034495973,1.105573060558493,0.0020812460962290136,1.393426407843833,-0.11721911584362095,-1.0721163156330902
Fed,US,2025,4,2025-Q4,100.61538461538461,2174.346153846154,21.561036771267393,0.20491470687371857,4.531289082088316,7.387803994022817e-06,0.00024747791331709813,-0.00011918508484515898,0.0004150001746365275,-0.00331541456108282,0.0006710495494007025,0.00480013800597681,-1.9856927822364173e-05,-0.0005830054759392828,-0.00018735879720420962,-3.676109143316667e-05,0.002061585933239552,0.001612518380913037,0.00033921867669736266,1.1633233742563782,-0.0010623739108702936,1.2977386033253613,-1.9856927822364173e-05,-0.9222937283211899,0.0004150001746365275,0.23267995890799043,0.00480013800597681,4.0198524341025275,0.001612518380913037,-0.6358394043399195
Fed,US,2026,1,2026-Q1,24.5,294.5,12.025,0.24394463667820068,2.9346020761245675,0.0,0.0,0.0,0.0,-0.01697797763173066,0.0,0.0,0.0,-0.005090510780583419,0.0,0.0,-0.003389830508474576,0.27777777777777785,0.0,-1.6239382709354477,-0.005659325877243553,-3.369056703035568,0.0,-0.8559692267152119,0.0,-2.2863542153502188,0.0,-0.6170392876064269,0.27777777777777785,0.3780701254110918
